,UniqueID,Week,Time,Name,PlayerPos,ActivePos,RealScore,ProjScore,PctPlayed
0,910981_1,1,0,Ben Roethlisberger,QB,QB,12.0,17.9,52.0
1,910981_1,1,0,A.J. Green,WR,WR,13.2,12.08,99.0
2,910981_1,1,0,Demaryius Thomas,WR,WR,12.3,8.99,82.0
3,910981_1,1,0,Brandin Cooks,WR,WR,9.3,9.56,77.0
4,910981_1,1,0,Todd Gurley II,RB,RB,22.7,20.24,100.0
5,910981_1,1,0,Devonta Freeman,RB,RB,5.0,13.92,97.0
6,910981_1,1,0,Jack Doyle,TE,TE,4.0,6.25,33.0
7,910981_1,1,0,Royce Freeman,RB,W/R/T,7.1,12.31,72.0
8,910981_1,1,0,Allen Robinson II,WR,BN,6.1,8.8,69.0
9,910981_1,1,0,O.J. Howard,TE,BN,5.4,5.63,13.0
10,910981_1,1,0,Sammy Watkins,WR,BN,2.1,7.86,25.0
11,910981_1,1,0,Carlos Hyde,RB,BN,12.5,11.01,44.0
12,910981_1,1,0,Robbie Gould,K,K,11.0,8.49,42.0
13,910981_1,1,0,Denver,DEF,DEF,12.0,7.76,79.0
14,910981_8,1,0,Aaron Rodgers,QB,QB,24.94,21.85,99.0
15,910981_8,1,0,Doug Baldwin,WR,WR,0.0,9.42,79.0
16,910981_8,1,0,Devin Funchess,WR,WR,4.1,8.17,47.0
17,910981_8,1,0,Robby Anderson,WR,WR,9.2,7.84,26.0
18,910981_8,1,0,Kareem Hunt,RB,RB,4.9,15.12,99.0
19,910981_8,1,0,Melvin Gordon III,RB,RB,20.6,16.25,99.0
20,910981_8,1,0,Evan Engram,TE,TE,1.8,6.64,79.0
21,910981_8,1,0,Peyton Barber,RB,W/R/T,6.9,10.5,23.0
22,910981_8,1,0,Chris Thompson,RB,BN,18.8,8.97,23.0
23,910981_8,1,0,Josh Gordon,WR,BN,7.7,7.6,34.0
24,910981_8,1,0,Tevin Coleman,RB,BN,10.5,8.84,19.0
25,910981_8,1,0,Dak Prescott,QB,BN,8.7,17.11,12.0
26,910981_8,1,0,Greg Zuerlein,K,K,17.0,11.7,99.0
27,910981_8,1,0,New Orleans,DEF,DEF,-4.0,8.09,72.0
28,910981_2,1,0,Cam Newton,QB,QB,18.24,21.83,95.0
29,910981_2,1,0,Keenan Allen,WR,WR,18.8,11.4,99.0
30,910981_2,1,0,Chris Hogan,WR,WR,1.1,10.02,86.0
31,910981_2,1,0,Marquise Goodwin,WR,WR,0.0,8.03,36.0
32,910981_2,1,0,David Johnson,RB,RB,12.7,19.3,100.0
33,910981_2,1,0,Joe Mixon,RB,RB,20.9,13.61,94.0
34,910981_2,1,0,Travis Kelce,TE,TE,0.6,9.27,98.0
35,910981_2,1,0,Jamison Crowder,WR,W/R/T,3.2,7.85,32.0
36,910981_2,1,0,Mark Ingram,RB,BN,0.0,0.0,3.0
37,910981_2,1,0,Andrew Luck,QB,BN,20.46,18.03,38.0
38,910981_2,1,0,Isaiah Crowell,RB,BN,24.2,9.16,13.0
39,910981_2,1,0,Kenny Stills,WR,BN,24.6,8.28,21.0
40,910981_2,1,0,Jake Elliott,K,K,4.0,9.76,84.0
41,910981_2,1,0,Jacksonville,DEF,DEF,13.0,8.63,96.0
42,910981_7,1,0,Philip Rivers,QB,QB,31.96,18.93,58.0
43,910981_7,1,0,Antonio Brown,WR,WR,15.3,17.21,100.0
44,910981_7,1,0,Michael Thomas,WR,WR,24.0,12.47,100.0
45,910981_7,1,0,Jarvis Landry,WR,WR,12.6,8.96,85.0
46,910981_7,1,0,Derrick Henry,RB,RB,3.1,11.74,80.0
47,910981_7,1,0,Rex Burkhead,RB,RB,6.9,12.18,53.0
48,910981_7,1,0,Zach Ertz,TE,TE,4.8,9.15,98.0
49,910981_7,1,0,Adam Thielen,WR,W/R/T,12.2,9.56,94.0
50,910981_7,1,0,David Njoku,TE,BN,1.3,6.35,45.0
51,910981_7,1,0,Duke Johnson Jr.,RB,BN,2.5,8.98,23.0
52,910981_7,1,0,Carson Wentz,QB,BN,0.0,0.0,6.0
53,910981_7,1,0,George Kittle,TE,BN,9.0,5.81,16.0
54,910981_7,1,0,Matt Bryant,K,K,7.0,9.43,90.0
55,910981_7,1,0,Minnesota,DEF,DEF,18.0,7.3,96.0
56,910981_3,1,0,Russell Wilson,QB,QB,22.42,18.76,85.0
57,910981_3,1,0,Tyreek Hill,WR,WR,37.3,10.57,97.0
58,910981_3,1,0,JuJu Smith-Schuster,WR,WR,13.9,9.29,90.0
59,910981_3,1,0,Kenny Golladay,WR,WR,13.4,7.21,7.0
60,910981_3,1,0,Alvin Kamara,RB,RB,36.1,18.1,100.0
61,910981_3,1,0,Leonard Fournette,RB,RB,5.5,18.73,99.0
62,910981_3,1,0,Kyle Rudolph,TE,TE,7.1,8.67,87.0
63,910981_3,1,0,Jay Ajayi,RB,W/R/T,20.2,13.25,84.0
64,910981_3,1,0,Adrian Peterson,RB,BN,20.6,11.08,35.0
65,910981_3,1,0,Rashaad Penny,RB,BN,4.3,6.73,5.0
66,910981_3,1,0,Tarik Cohen,RB,BN,4.1,8.28,19.0
67,910981_3,1,0,Cameron Brate,TE,BN,0.0,5.65,5.0
68,910981_3,1,0,Alshon Jeffery,WR,IR,0.0,0.0,3.0
69,910981_3,1,0,Wil Lutz,K,K,6.0,10.39,92.0
70,910981_3,1,0,Philadelphia,DEF,DEF,10.0,7.47,89.0
71,910981_5,1,0,Tom Brady,QB,QB,22.28,20.23,96.0
72,910981_5,1,0,DeAndre Hopkins,WR,WR,7.1,13.93,100.0
73,910981_5,1,0,Golden Tate,WR,WR,13.9,8.84,86.0
74,910981_5,1,0,Emmanuel Sanders,WR,WR,21.5,7.88,47.0
75,910981_5,1,0,Jordan Howard,RB,RB,10.7,13.68,94.0
76,910981_5,1,0,Lamar Miller,RB,RB,10.9,13.16,80.0
77,910981_5,1,0,Rob Gronkowski,TE,TE,18.3,11.01,100.0
78,910981_5,1,0,Sterling Shepard,WR,W/R/T,4.8,7.35,13.0
79,910981_5,1,0,Jordy Nelson,WR,BN,2.3,6.9,19.0
80,910981_5,1,0,Julian Edelman,WR,BN,0.0,0.0,0.0
81,910981_5,1,0,Sony Michel,RB,BN,0.0,0.0,2.0
82,910981_5,1,0,Will Fuller V,WR,BN,0.0,0.0,6.0
83,910981_5,1,0,Daniel Carlson,K,K,7.0,10.46,52.0
84,910981_5,1,0,Dallas,DEF,DEF,6.0,5.52,4.0
85,910981_4,1,0,Kirk Cousins,QB,QB,20.36,18.33,76.0
86,910981_4,1,0,Julio Jones,WR,WR,20.0,15.65,100.0
87,910981_4,1,0,T.Y. Hilton,WR,WR,10.6,9.72,94.0
88,910981_4,1,0,Robert Woods,WR,WR,4.3,8.34,47.0
89,910981_4,1,0,Saquon Barkley,RB,RB,20.8,14.5,99.0
90,910981_4,1,0,LeSean McCoy,RB,RB,2.1,10.9,76.0
91,910981_4,1,0,Greg Olsen,TE,TE,3.3,7.5,86.0
92,910981_4,1,0,Alfred Morris,RB,W/R/T,1.8,8.4,12.0
93,910981_4,1,0,Pierre Garcon,WR,BN,2.1,7.32,14.0
94,910981_4,1,0,Cooper Kupp,WR,BN,12.8,7.51,30.0
95,910981_4,1,0,Jordan Reed,TE,BN,10.8,7.28,58.0
96,910981_4,1,0,Aaron Jones,RB,BN,0.0,0.0,0.0
97,910981_4,1,0,Stephen Gostkowski,K,K,9.0,11.17,99.0
98,910981_4,1,0,Baltimore,DEF,DEF,17.0,9.12,82.0
99,910981_11,1,0,Drew Brees,QB,QB,33.56,18.66,93.0
100,910981_11,1,0,Davante Adams,WR,WR,14.8,12.32,99.0
101,910981_11,1,0,Stefon Diggs,WR,WR,11.1,10.19,97.0
102,910981_11,1,0,Corey Davis,WR,WR,6.2,8.42,51.0
103,910981_11,1,0,Le\'Veon Bell,RB,RB,0.0,0.0,15.0
104,910981_11,1,0,Alex Collins,RB,RB,5.9,13.21,89.0
105,910981_11,1,0,Trey Burton,TE,TE,1.5,6.6,75.0
106,910981_11,1,0,Kenyan Drake,RB,W/R/T,6.6,13.22,90.0
107,910981_11,1,0,Kerryon Johnson,RB,BN,3.7,9.8,22.0
108,910981_11,1,0,Jamaal Williams,RB,BN,4.7,12.76,59.0
109,910981_11,1,0,Marcus Mariota,QB,BN,3.62,17.58,17.0
110,910981_11,1,0,Jared Cook,TE,BN,20.0,5.37,7.0
111,910981_11,1,0,Chris Boswell,K,K,3.0,9.17,69.0
112,910981_11,1,0,Los Angeles,DEF,DEF,17.0,8.16,95.0
113,910981_9,1,0,Matt Ryan,QB,QB,9.84,18.19,33.0
114,910981_9,1,0,Mike Evans,WR,WR,22.7,9.56,93.0
115,910981_9,1,0,Amari Cooper,WR,WR,1.8,9.48,88.0
116,910981_9,1,0,Marvin Jones Jr.,WR,WR,5.4,9.49,73.0
117,910981_9,1,0,Ezekiel Elliott,RB,RB,14.6,16.62,100.0
118,910981_9,1,0,Christian McCaffrey,RB,RB,7.5,15.37,98.0
119,910981_9,1,0,Delanie Walker,TE,TE,5.2,7.4,83.0
120,910981_9,1,0,James Conner,RB,W/R/T,31.2,12.38,64.0
121,910981_9,1,0,Dion Lewis,RB,BN,17.0,9.22,55.0
122,910981_9,1,0,Jimmy Garoppolo,QB,BN,12.04,17.57,36.0
123,910981_9,1,0,Bilal Powell,RB,BN,6.5,7.06,9.0
124,910981_9,1,0,Nelson Agholor,WR,BN,5.5,9.14,39.0
125,910981_9,1,0,Harrison Butker,K,K,9.0,9.61,72.0
126,910981_9,1,0,Pittsburgh,DEF,DEF,11.0,7.51,63.0
127,910981_10,1,0,Deshaun Watson,QB,QB,12.04,20.52,93.0
128,910981_10,1,0,Odell Beckham Jr.,WR,WR,13.0,11.22,99.0
129,910981_10,1,0,Larry Fitzgerald,WR,WR,7.6,9.35,94.0
130,910981_10,1,0,Michael Crabtree,WR,WR,9.8,7.43,35.0
131,910981_10,1,0,Dalvin Cook,RB,RB,7.5,13.7,97.0
132,910981_10,1,0,Marshawn Lynch,RB,RB,10.9,11.06,52.0
133,910981_10,1,0,Jimmy Graham,TE,TE,0.8,8.29,95.0
134,910981_10,1,0,Chris Carson,RB,W/R/T,5.9,10.99,39.0
135,910981_10,1,0,Matthew Stafford,QB,BN,12.04,18.07,75.0
136,910981_10,1,0,D.J. Moore,WR,BN,0.3,7.68,7.0
137,910981_10,1,0,Eli Manning,QB,BN,8.16,15.38,3.0
138,910981_10,1,0,Justin Tucker,K,K,12.0,10.78,98.0
139,910981_10,1,0,Los Angeles,DEF,DEF,-3.0,6.58,78.0
140,910981_1,2,0,Ben Roethlisberger,QB,QB,40.98,20.23,62.0
141,910981_1,2,0,A.J. Green,WR,WR,24.9,10.16,98.0
142,910981_1,2,0,Demaryius Thomas,WR,WR,1.8,9.13,86.0
143,910981_1,2,0,Brandin Cooks,WR,WR,17.9,7.73,67.0
144,910981_1,2,0,Todd Gurley II,RB,RB,29.3,18.75,100.0
145,910981_1,2,0,Carlos Hyde,RB,RB,11.0,10.78,59.0
146,910981_1,2,0,Jack Doyle,TE,TE,2.0,6.34,44.0
147,910981_1,2,0,Royce Freeman,RB,W/R/T,8.8,9.27,57.0
148,910981_1,2,0,Devonta Freeman,RB,BN,0.0,0.0,15.0
149,910981_1,2,0,Allen Robinson II,WR,BN,8.3,9.2,73.0
150,910981_1,2,0,O.J. Howard,TE,BN,15.6,5.43,18.0
151,910981_1,2,0,Sammy Watkins,WR,BN,15.1,7.96,20.0
152,910981_1,2,0,Robbie Gould,K,K,14.0,9.77,54.0
153,910981_1,2,0,Denver,DEF,DEF,4.0,8.96,86.0
154,910981_8,2,0,Aaron Rodgers,QB,QB,16.04,19.16,71.0
155,910981_8,2,0,Devin Funchess,WR,WR,7.7,8.26,37.0
156,910981_8,2,0,Robby Anderson,WR,WR,0.7,7.72,25.0
157,910981_8,2,0,Randall Cobb,WR,WR,3.0,7.91,38.0
158,910981_8,2,0,Kareem Hunt,RB,RB,14.0,14.19,98.0
159,910981_8,2,0,Melvin Gordon III,RB,RB,24.6,15.74,99.0
160,910981_8,2,0,Evan Engram,TE,TE,12.7,7.09,75.0
161,910981_8,2,0,Chris Thompson,RB,W/R/T,9.3,10.16,66.0
162,910981_8,2,0,Peyton Barber,RB,BN,2.9,9.91,17.0
163,910981_8,2,0,Josh Gordon,WR,BN,0.0,0.0,11.0
164,910981_8,2,0,Tevin Coleman,RB,BN,14.5,12.59,59.0
165,910981_8,2,0,Dak Prescott,QB,BN,14.9,16.74,8.0
166,910981_8,2,0,Greg Zuerlein,K,K,0.0,11.83,99.0
167,910981_8,2,0,New Orleans,DEF,DEF,6.0,6.83,40.0
168,910981_2,2,0,Cam Newton,QB,QB,28.6,19.59,86.0
169,910981_2,2,0,Keenan Allen,WR,WR,6.7,11.5,99.0
170,910981_2,2,0,Chris Hogan,WR,WR,16.2,8.15,45.0
171,910981_2,2,0,Kenny Stills,WR,WR,1.7,8.29,44.0
172,910981_2,2,0,David Johnson,RB,RB,5.1,15.88,98.0
173,910981_2,2,0,Joe Mixon,RB,RB,8.7,12.26,92.0
174,910981_2,2,0,Travis Kelce,TE,TE,24.9,8.9,95.0
175,910981_2,2,0,Isaiah Crowell,RB,W/R/T,3.9,10.0,41.0
176,910981_2,2,0,Jamison Crowder,WR,BN,3.7,9.09,38.0
177,910981_2,2,0,Marquise Goodwin,WR,BN,0.0,0.0,4.0
178,910981_2,2,0,Mark Ingram,RB,BN,0.0,0.0,2.0
179,910981_2,2,0,Andrew Luck,QB,BN,13.36,19.15,50.0
180,910981_2,2,0,Jake Elliott,K,K,3.0,9.64,80.0
181,910981_2,2,0,Jacksonville,DEF,DEF,5.0,6.68,83.0
182,910981_7,2,0,Philip Rivers,QB,QB,22.74,18.17,69.0
183,910981_7,2,0,Antonio Brown,WR,WR,6.7,16.86,100.0
184,910981_7,2,0,Michael Thomas,WR,WR,18.9,12.76,100.0
185,910981_7,2,0,Jarvis Landry,WR,WR,6.9,9.35,91.0
186,910981_7,2,0,Derrick Henry,RB,RB,5.92,8.23,46.0
187,910981_7,2,0,Austin Ekeler,RB,RB,9.8,7.08,11.0
188,910981_7,2,0,George Kittle,TE,TE,2.2,7.01,62.0
189,910981_7,2,0,Adam Thielen,WR,W/R/T,21.1,9.74,94.0
190,910981_7,2,0,Rex Burkhead,RB,BN,2.2,9.15,27.0
191,910981_7,2,0,Zach Ertz,TE,BN,9.4,8.79,96.0
192,910981_7,2,0,David Njoku,TE,BN,2.0,5.68,42.0
193,910981_7,2,0,Carson Wentz,QB,BN,0.0,0.0,3.0
194,910981_7,2,0,Matt Bryant,K,K,8.0,10.06,90.0
195,910981_7,2,0,Minnesota,DEF,DEF,3.0,6.5,88.0
196,910981_3,2,0,Russell Wilson,QB,QB,15.74,18.03,79.0
197,910981_3,2,0,Tyreek Hill,WR,WR,15.0,12.34,99.0
198,910981_3,2,0,JuJu Smith-Schuster,WR,WR,20.1,9.7,94.0
199,910981_3,2,0,Kenny Golladay,WR,WR,14.9,7.62,20.0
200,910981_3,2,0,Alvin Kamara,RB,RB,11.9,18.92,100.0
201,910981_3,2,0,Jay Ajayi,RB,RB,8.7,12.29,92.0
202,910981_3,2,0,Kyle Rudolph,TE,TE,7.2,6.78,75.0
203,910981_3,2,0,Adrian Peterson,RB,W/R/T,5.0,12.06,79.0
204,910981_3,2,0,Leonard Fournette,RB,BN,0.0,0.0,22.0
205,910981_3,2,0,Rashaad Penny,RB,BN,3.0,6.93,7.0
206,910981_3,2,0,Tarik Cohen,RB,BN,2.5,8.6,23.0
207,910981_3,2,0,Phillip Dorsett,WR,BN,4.4,7.04,5.0
208,910981_3,2,0,Alshon Jeffery,WR,IR,0.0,0.0,2.0
209,910981_3,2,0,Wil Lutz,K,K,8.0,10.95,92.0
210,910981_3,2,0,Philadelphia,DEF,DEF,6.0,8.12,92.0
211,910981_5,2,0,Tom Brady,QB,QB,16.36,18.77,86.0
212,910981_5,2,0,DeAndre Hopkins,WR,WR,19.0,12.22,98.0
213,910981_5,2,0,Golden Tate,WR,WR,13.8,9.33,86.0
214,910981_5,2,0,Emmanuel Sanders,WR,WR,9.6,9.42,78.0
215,910981_5,2,0,Jordan Howard,RB,RB,6.8,13.03,94.0
216,910981_5,2,0,Lamar Miller,RB,RB,7.0,11.3,80.0
217,910981_5,2,0,Rob Gronkowski,TE,TE,1.5,9.9,100.0
218,910981_5,2,0,Matt Breida,RB,W/R/T,23.9,9.58,25.0
219,910981_5,2,0,Sterling Shepard,WR,BN,2.4,7.47,14.0
220,910981_5,2,0,Julian Edelman,WR,BN,0.0,0.0,0.0
221,910981_5,2,0,Sony Michel,RB,BN,4.1,6.98,4.0
222,910981_5,2,0,Will Fuller V,WR,BN,19.3,8.42,24.0
223,910981_5,2,0,Daniel Carlson,K,K,3.0,0.0,47.0
224,910981_5,2,0,Dallas,DEF,DEF,12.0,7.69,11.0
225,910981_4,2,0,Kirk Cousins,QB,QB,36.5,18.38,71.0
226,910981_4,2,0,Julio Jones,WR,WR,6.4,12.34,100.0
227,910981_4,2,0,T.Y. Hilton,WR,WR,14.3,10.26,95.0
228,910981_4,2,0,Robert Woods,WR,WR,8.1,8.51,42.0
229,910981_4,2,0,Saquon Barkley,RB,RB,10.8,15.88,99.0
230,910981_4,2,0,LeSean McCoy,RB,RB,6.8,10.04,60.0
231,910981_4,2,0,Jordan Reed,TE,TE,3.5,7.51,79.0
232,910981_4,2,0,Alfred Morris,RB,W/R/T,8.0,9.48,20.0
233,910981_4,2,0,Greg Olsen,TE,BN,0.0,0.0,9.0
234,910981_4,2,0,Pierre Garcon,WR,BN,5.7,8.28,24.0
235,910981_4,2,0,Cooper Kupp,WR,BN,6.3,7.67,41.0
236,910981_4,2,0,Aaron Jones,RB,BN,0.0,0.0,0.0
237,910981_4,2,0,Stephen Gostkowski,K,K,9.0,9.28,97.0
238,910981_4,2,0,Baltimore,DEF,DEF,-1.0,6.72,76.0
239,910981_11,2,0,Drew Brees,QB,QB,17.62,20.88,97.0
240,910981_11,2,0,Stefon Diggs,WR,WR,28.9,9.79,96.0
241,910981_11,2,0,Corey Davis,WR,WR,5.5,8.39,47.0
242,910981_11,2,0,Davante Adams,WR,WR,12.4,9.48,88.0
243,910981_11,2,0,Alex Collins,RB,RB,9.0,11.29,73.0
244,910981_11,2,0,Jamaal Williams,RB,RB,7.1,9.83,27.0
245,910981_11,2,0,Jared Cook,TE,TE,4.9,5.85,52.0
246,910981_11,2,0,Kenyan Drake,RB,W/R/T,13.0,11.12,77.0
247,910981_11,2,0,Trey Burton,TE,BN,8.2,6.68,66.0
248,910981_11,2,0,Kerryon Johnson,RB,BN,6.6,8.56,16.0
249,910981_11,2,0,Marcus Mariota,QB,BN,0.0,7.08,3.0
250,910981_11,2,0,Le\'Veon Bell,RB,IR,0.0,0.0,10.0
251,910981_11,2,0,Chris Boswell,K,K,2.0,9.94,67.0
252,910981_11,2,0,Los Angeles,DEF,DEF,13.0,9.33,98.0
253,910981_9,2,0,Jimmy Garoppolo,QB,QB,16.64,18.95,48.0
254,910981_9,2,0,Mike Evans,WR,WR,12.3,10.37,97.0
255,910981_9,2,0,Amari Cooper,WR,WR,13.6,9.0,67.0
256,910981_9,2,0,Marvin Jones Jr.,WR,WR,11.4,8.57,61.0
257,910981_9,2,0,Ezekiel Elliott,RB,RB,14.7,16.9,100.0
258,910981_9,2,0,Christian McCaffrey,RB,RB,15.9,14.33,97.0
259,910981_9,2,0,Jonnu Smith,TE,TE,0.0,4.87,12.0
260,910981_9,2,0,James Conner,RB,W/R/T,14.5,15.08,93.0
261,910981_9,2,0,Matt Ryan,QB,BN,31.68,17.37,25.0
262,910981_9,2,0,Dion Lewis,RB,BN,4.3,8.81,62.0
263,910981_9,2,0,Bilal Powell,RB,BN,14.0,8.65,17.0
264,910981_9,2,0,Nelson Agholor,WR,BN,15.0,9.25,59.0
265,910981_9,2,0,Harrison Butker,K,K,6.0,9.85,75.0
266,910981_9,2,0,Pittsburgh,DEF,DEF,1.0,6.48,45.0
267,910981_10,2,0,Deshaun Watson,QB,QB,23.8,19.43,78.0
268,910981_10,2,0,Odell Beckham Jr.,WR,WR,5.1,13.75,100.0
269,910981_10,2,0,Larry Fitzgerald,WR,WR,2.8,9.0,81.0
270,910981_10,2,0,Michael Crabtree,WR,WR,5.6,6.68,35.0
271,910981_10,2,0,Dalvin Cook,RB,RB,9.0,13.7,96.0
272,910981_10,2,0,Marshawn Lynch,RB,RB,12.8,9.47,46.0
273,910981_10,2,0,Jimmy Graham,TE,TE,9.5,6.93,79.0
274,910981_10,2,0,Chris Carson,RB,W/R/T,2.4,8.84,25.0
275,910981_10,2,0,Matthew Stafford,QB,BN,24.68,17.85,49.0
276,910981_10,2,0,D.J. Moore,WR,BN,11.8,4.61,2.0
277,910981_10,2,0,Eli Manning,QB,BN,13.56,16.73,5.0
278,910981_10,2,0,Justin Tucker,K,K,7.0,10.6,98.0
279,910981_10,2,0,Los Angeles,DEF,DEF,10.0,9.06,89.0
280,910981_1,3,0,Ben Roethlisberger,QB,QB,27.02,19.43,62.0
281,910981_1,3,0,A.J. Green,WR,WR,5.8,10.53,99.0
282,910981_1,3,0,Brandin Cooks,WR,WR,9.0,9.56,82.0
283,910981_1,3,0,Allen Robinson II,WR,WR,5.0,9.77,74.0
284,910981_1,3,0,Todd Gurley II,RB,RB,21.6,19.82,100.0
285,910981_1,3,0,Carlos Hyde,RB,RB,22.3,9.15,55.0
286,910981_1,3,0,O.J. Howard,TE,TE,7.2,6.21,43.0
287,910981_1,3,0,Sammy Watkins,WR,W/R/T,13.5,7.94,47.0
288,910981_1,3,0,Royce Freeman,RB,BN,11.8,7.45,28.0
289,910981_1,3,0,Demaryius Thomas,WR,BN,6.3,8.49,61.0
290,910981_1,3,0,Jack Doyle,TE,BN,0.0,0.0,5.0
291,910981_1,3,0,Devonta Freeman,RB,BN,0.0,0.0,8.0
292,910981_1,3,0,Robbie Gould,K,K,6.0,9.7,79.0
293,910981_1,3,0,Denver,DEF,DEF,6.0,6.77,69.0
294,910981_8,3,0,Aaron Rodgers,QB,QB,19.9,21.87,79.0
295,910981_8,3,0,Devin Funchess,WR,WR,12.7,7.01,30.0
296,910981_8,3,0,Randall Cobb,WR,WR,0.2,7.56,32.0
297,910981_8,3,0,DeSean Jackson,WR,WR,3.7,7.36,61.0
298,910981_8,3,0,Kareem Hunt,RB,RB,16.4,14.93,99.0
299,910981_8,3,0,Melvin Gordon III,RB,RB,14.4,13.9,99.0
300,910981_8,3,0,Evan Engram,TE,TE,1.9,6.95,77.0
301,910981_8,3,0,Chris Thompson,RB,W/R/T,1.7,9.33,70.0
302,910981_8,3,0,Josh Gordon,WR,BN,0.0,0.0,13.0
303,910981_8,3,0,Peyton Barber,RB,BN,3.3,8.94,18.0
304,910981_8,3,0,Tevin Coleman,RB,BN,10.7,12.79,80.0
305,910981_8,3,0,Dak Prescott,QB,BN,10.82,16.39,6.0
306,910981_8,3,0,Sam Ficken,K,K,5.0,8.56,10.0
307,910981_8,3,0,New Orleans,DEF,DEF,1.0,4.67,17.0
308,910981_2,3,0,Cam Newton,QB,QB,29.6,20.38,81.0
309,910981_2,3,0,Keenan Allen,WR,WR,2.4,11.03,96.0
310,910981_2,3,0,Chris Hogan,WR,WR,3.1,8.35,60.0
311,910981_2,3,0,Kenny Stills,WR,WR,12.1,7.57,21.0
312,910981_2,3,0,David Johnson,RB,RB,12.1,14.89,94.0
313,910981_2,3,0,Joe Mixon,RB,RB,0.0,0.0,10.0
314,910981_2,3,0,Travis Kelce,TE,TE,13.4,10.05,99.0
315,910981_2,3,0,Isaiah Crowell,RB,W/R/T,17.1,8.52,33.0
316,910981_2,3,0,Jamison Crowder,WR,BN,10.5,5.89,16.0
317,910981_2,3,0,Marquise Goodwin,WR,BN,8.8,7.71,22.0
318,910981_2,3,0,Mark Ingram,RB,BN,0.0,0.0,2.0
319,910981_2,3,0,Andrew Luck,QB,BN,13.86,18.91,30.0
320,910981_2,3,0,Jake Elliott,K,K,8.0,9.84,77.0
321,910981_2,3,0,Jacksonville,DEF,DEF,7.0,9.69,95.0
322,910981_7,3,0,Patrick Mahomes,QB,QB,25.26,21.97,85.0
323,910981_7,3,0,Antonio Brown,WR,WR,11.0,16.53,100.0
324,910981_7,3,0,Michael Thomas,WR,WR,14.9,12.89,100.0
325,910981_7,3,0,Jarvis Landry,WR,WR,14.3,8.89,81.0
326,910981_7,3,0,Austin Ekeler,RB,RB,5.1,7.33,19.0
327,910981_7,3,0,Phillip Lindsay,RB,RB,2.0,8.5,45.0
328,910981_7,3,0,Zach Ertz,TE,TE,7.3,9.97,98.0
329,910981_7,3,0,Adam Thielen,WR,W/R/T,12.5,10.59,97.0
330,910981_7,3,0,Carson Wentz,QB,BN,12.2,19.01,36.0
331,910981_7,3,0,Philip Rivers,QB,BN,17.04,17.78,38.0
332,910981_7,3,0,George Kittle,TE,BN,9.9,6.43,57.0
333,910981_7,3,0,Rex Burkhead,RB,BN,2.6,9.33,40.0
334,910981_7,3,0,Matt Bryant,K,K,3.0,10.37,93.0
335,910981_7,3,0,Minnesota,DEF,DEF,3.0,13.5,98.0
336,910981_3,3,0,Russell Wilson,QB,QB,15.58,18.86,58.0
337,910981_3,3,0,Tyreek Hill,WR,WR,5.6,12.43,99.0
338,910981_3,3,0,JuJu Smith-Schuster,WR,WR,13.6,10.17,96.0
339,910981_3,3,0,Kenny Golladay,WR,WR,11.3,8.54,48.0
340,910981_3,3,0,Alvin Kamara,RB,RB,21.0,17.39,100.0
341,910981_3,3,0,Adrian Peterson,RB,RB,26.0,9.12,48.0
342,910981_3,3,0,Kyle Rudolph,TE,TE,10.8,6.84,78.0
343,910981_3,3,0,Leonard Fournette,RB,W/R/T,0.0,0.0,21.0
344,910981_3,3,0,Jay Ajayi,RB,BN,0.0,0.0,16.0
345,910981_3,3,0,Rashaad Penny,RB,BN,0.5,8.25,12.0
346,910981_3,3,0,Tarik Cohen,RB,BN,6.8,7.68,20.0
347,910981_3,3,0,Phillip Dorsett,WR,BN,0.0,6.02,5.0
348,910981_3,3,0,Alshon Jeffery,WR,IR,0.0,0.0,2.0
349,910981_3,3,0,Wil Lutz,K,K,15.0,9.78,89.0
350,910981_3,3,0,Philadelphia,DEF,DEF,3.0,8.91,92.0
351,910981_5,3,0,Tom Brady,QB,QB,8.52,22.76,92.0
352,910981_5,3,0,DeAndre Hopkins,WR,WR,8.6,13.62,99.0
353,910981_5,3,0,Golden Tate,WR,WR,6.9,8.87,85.0
354,910981_5,3,0,Will Fuller V,WR,WR,18.1,8.54,55.0
355,910981_5,3,0,Jordan Howard,RB,RB,14.1,12.71,94.0
356,910981_5,3,0,Lamar Miller,RB,RB,9.1,12.75,81.0
357,910981_5,3,0,Rob Gronkowski,TE,TE,5.1,11.44,99.0
358,910981_5,3,0,Matt Breida,RB,W/R/T,11.7,10.19,68.0
359,910981_5,3,0,Emmanuel Sanders,WR,BN,13.3,8.64,64.0
360,910981_5,3,0,Sterling Shepard,WR,BN,14.0,5.48,6.0
361,910981_5,3,0,Julian Edelman,WR,BN,0.0,0.0,0.0
362,910981_5,3,0,Sony Michel,RB,BN,4.9,8.28,29.0
363,910981_5,3,0,Josh Lambo,K,K,7.0,9.32,30.0
364,910981_5,3,0,Dallas,DEF,DEF,2.0,6.19,27.0
365,910981_4,3,0,Kirk Cousins,QB,QB,11.04,19.25,80.0
366,910981_4,3,0,Julio Jones,WR,WR,9.6,12.34,99.0
367,910981_4,3,0,T.Y. Hilton,WR,WR,5.0,9.88,93.0
368,910981_4,3,0,Robert Woods,WR,WR,25.7,8.12,46.0
369,910981_4,3,0,Saquon Barkley,RB,RB,17.7,14.97,99.0
370,910981_4,3,0,Alfred Morris,RB,RB,12.7,7.89,14.0
371,910981_4,3,0,Jordan Reed,TE,TE,6.5,7.13,69.0
372,910981_4,3,0,Cooper Kupp,WR,W/R/T,12.8,8.43,44.0
373,910981_4,3,0,LeSean McCoy,RB,BN,0.0,0.0,13.0
374,910981_4,3,0,Greg Olsen,TE,BN,0.0,0.0,7.0
375,910981_4,3,0,Pierre Garcon,WR,BN,1.1,7.5,23.0
376,910981_4,3,0,Aaron Jones,RB,BN,4.7,5.0,5.0
377,910981_4,3,0,Stephen Gostkowski,K,K,4.0,10.69,99.0
378,910981_4,3,0,Baltimore,DEF,DEF,6.0,7.87,70.0
379,910981_11,3,0,Drew Brees,QB,QB,42.54,20.39,85.0
380,910981_11,3,0,Stefon Diggs,WR,WR,1.7,10.61,98.0
381,910981_11,3,0,Corey Davis,WR,WR,3.4,6.52,26.0
382,910981_11,3,0,Davante Adams,WR,WR,11.2,10.59,96.0
383,910981_11,3,0,Alex Collins,RB,RB,13.4,10.78,62.0
384,910981_11,3,0,Jamaal Williams,RB,RB,4.5,8.41,25.0
385,910981_11,3,0,Jared Cook,TE,TE,3.1,6.09,39.0
386,910981_11,3,0,Kenyan Drake,RB,W/R/T,1.0,12.36,90.0
387,910981_11,3,0,Trey Burton,TE,BN,5.5,6.37,68.0
388,910981_11,3,0,Kerryon Johnson,RB,BN,13.0,8.15,18.0
389,910981_11,3,0,Marcus Mariota,QB,BN,9.1,0.0,1.0
390,910981_11,3,0,Le'Veon Bell,RB,BN,0.0,0.0,8.0
391,910981_11,3,0,Chris Boswell,K,K,5.0,9.58,42.0
392,910981_11,3,0,Los Angeles,DEF,DEF,14.0,6.92,90.0
393,910981_9,3,0,Jimmy Garoppolo,QB,QB,22.34,19.68,45.0
394,910981_9,3,0,Mike Evans,WR,WR,21.7,10.54,98.0
395,910981_9,3,0,Amari Cooper,WR,WR,1.7,9.85,82.0
396,910981_9,3,0,Marvin Jones Jr.,WR,WR,12.9,8.77,41.0
397,910981_9,3,0,Ezekiel Elliott,RB,RB,13.8,15.58,100.0
398,910981_9,3,0,Christian McCaffrey,RB,RB,21.4,14.65,98.0
399,910981_9,3,0,Jonnu Smith,TE,TE,0.9,2.15,2.0
400,910981_9,3,0,James Conner,RB,W/R/T,9.5,14.45,94.0
401,910981_9,3,0,Matt Ryan,QB,BN,42.16,19.36,45.0
402,910981_9,3,0,Dion Lewis,RB,BN,4.0,7.8,48.0
403,910981_9,3,0,Bilal Powell,RB,BN,7.3,8.44,28.0
404,910981_9,3,0,Nelson Agholor,WR,BN,2.4,9.8,76.0
405,910981_9,3,0,Harrison Butker,K,K,8.0,10.84,85.0
406,910981_9,3,0,Pittsburgh,DEF,DEF,17.0,6.0,25.0
407,910981_10,3,0,Deshaun Watson,QB,QB,28.0,20.52,72.0
408,910981_10,3,0,Odell Beckham Jr.,WR,WR,12.9,12.5,99.0
409,910981_10,3,0,Larry Fitzgerald,WR,WR,0.9,8.37,52.0
410,910981_10,3,0,Michael Crabtree,WR,WR,6.1,7.37,30.0
411,910981_10,3,0,Marshawn Lynch,RB,RB,14.6,10.94,60.0
412,910981_10,3,0,Giovani Bernard,RB,RB,14.6,13.24,71.0
413,910981_10,3,0,Jimmy Graham,TE,TE,4.5,8.02,89.0
414,910981_10,3,0,Chris Carson,RB,W/R/T,20.4,7.51,17.0
415,910981_10,3,0,Dalvin Cook,RB,BN,0.0,0.0,17.0
416,910981_10,3,0,Matthew Stafford,QB,BN,18.48,20.02,56.0
417,910981_10,3,0,D.J. Moore,WR,BN,0.3,6.2,3.0
418,910981_10,3,0,Justin Tucker,K,K,13.0,11.27,99.0
419,910981_10,3,0,Los Angeles,DEF,DEF,1.0,4.46,34.0
420,910981_1,4,0,Ben Roethlisberger,QB,QB,15.86,20.18,63.0
421,910981_1,4,0,A.J. Green,WR,WR,13.8,11.56,98.0
422,910981_1,4,0,Brandin Cooks,WR,WR,20.6,8.43,75.0
423,910981_1,4,0,Allen Robinson II,WR,WR,8.3,9.23,75.0
424,910981_1,4,0,Todd Gurley II,RB,RB,21.6,17.37,100.0
425,910981_1,4,0,Carlos Hyde,RB,RB,14.2,11.4,83.0
426,910981_1,4,0,O.J. Howard,TE,TE,0.0,6.1,54.0
427,910981_1,4,0,Royce Freeman,RB,W/R/T,12.7,10.02,49.0
428,910981_1,4,0,Sammy Watkins,WR,BN,0.0,8.28,55.0
429,910981_1,4,0,Demaryius Thomas,WR,BN,2.4,7.92,66.0
430,910981_1,4,0,Jack Doyle,TE,BN,0.0,0.0,3.0
431,910981_1,4,0,Devonta Freeman,RB,BN,0.0,0.0,8.0
432,910981_1,4,0,Robbie Gould,K,K,9.0,8.99,53.0
433,910981_1,4,0,Chicago,DEF,DEF,14.0,7.58,77.0
434,910981_8,4,0,Aaron Rodgers,QB,QB,16.02,21.81,85.0
435,910981_8,4,0,Randall Cobb,WR,WR,0.0,0.0,9.0
436,910981_8,4,0,DeSean Jackson,WR,WR,13.2,7.36,33.0
437,910981_8,4,0,Josh Gordon,WR,WR,3.2,7.68,29.0
438,910981_8,4,0,Kareem Hunt,RB,RB,25.5,13.9,99.0
439,910981_8,4,0,Melvin Gordon III,RB,RB,25.9,15.81,99.0
440,910981_8,4,0,Tyler Eifert,TE,TE,9.8,6.23,36.0
441,910981_8,4,0,Tevin Coleman,RB,W/R/T,7.7,12.4,83.0
442,910981_8,4,0,Chris Thompson,RB,BN,0.0,0.0,0.0
443,910981_8,4,0,Devin Funchess,WR,BN,0.0,0.0,0.0
444,910981_8,4,0,Peyton Barber,RB,BN,3.0,5.88,11.0
445,910981_8,4,0,Dak Prescott,QB,BN,18.4,16.05,6.0
446,910981_8,4,0,Sam Ficken,K,K,7.0,8.56,11.0
447,910981_8,4,0,New Orleans,DEF,DEF,8.0,6.5,17.0
448,910981_2,4,0,Cam Newton,QB,QB,0.0,0.0,0.0
449,910981_2,4,0,Keenan Allen,WR,WR,6.3,10.8,94.0
450,910981_2,4,0,Chris Hogan,WR,WR,2.5,8.32,36.0
451,910981_2,4,0,Kenny Stills,WR,WR,4.0,8.26,31.0
452,910981_2,4,0,David Johnson,RB,RB,15.2,14.1,98.0
453,910981_2,4,0,Isaiah Crowell,RB,RB,0.3,7.69,28.0
454,910981_2,4,0,Travis Kelce,TE,TE,13.8,10.21,99.0
455,910981_2,4,0,Marquise Goodwin,WR,W/R/T,2.8,7.62,11.0
456,910981_2,4,0,Joe Mixon,RB,BN,0.0,0.0,8.0
457,910981_2,4,0,Jamison Crowder,WR,BN,0.0,0.0,0.0
458,910981_2,4,0,Mark Ingram,RB,BN,0.0,0.0,2.0
459,910981_2,4,0,Andrew Luck,QB,BN,37.66,20.29,33.0
460,910981_2,4,0,Jake Elliott,K,K,11.0,9.19,72.0
461,910981_2,4,0,Jacksonville,DEF,DEF,9.0,9.92,98.0
462,910981_7,4,0,Patrick Mahomes,QB,QB,22.86,23.46,88.0
463,910981_7,4,0,Antonio Brown,WR,WR,12.2,13.15,100.0
464,910981_7,4,0,Michael Thomas,WR,WR,4.7,16.41,100.0
465,910981_7,4,0,Jarvis Landry,WR,WR,9.4,9.44,91.0
466,910981_7,4,0,Austin Ekeler,RB,RB,11.6,7.87,28.0
467,910981_7,4,0,Phillip Lindsay,RB,RB,13.9,7.97,51.0
468,910981_7,4,0,Zach Ertz,TE,TE,13.2,9.31,98.0
469,910981_7,4,0,Adam Thielen,WR,W/R/T,21.5,11.22,97.0
470,910981_7,4,0,Carson Wentz,QB,BN,20.72,18.56,39.0
471,910981_7,4,0,Philip Rivers,QB,BN,22.7,19.98,68.0
472,910981_7,4,0,George Kittle,TE,BN,20.5,5.98,48.0
473,910981_7,4,0,Rex Burkhead,RB,BN,0.0,0.0,6.0
474,910981_7,4,0,Matt Bryant,K,K,14.0,10.92,94.0
475,910981_7,4,0,Minnesota,DEF,DEF,-3.0,5.0,70.0
476,910981_3,4,0,Russell Wilson,QB,QB,8.98,20.27,66.0
477,910981_3,4,0,Tyreek Hill,WR,WR,5.6,11.37,99.0
478,910981_3,4,0,JuJu Smith-Schuster,WR,WR,6.0,11.44,95.0
479,910981_3,4,0,Kenny Golladay,WR,WR,7.4,8.37,52.0
480,910981_3,4,0,Alvin Kamara,RB,RB,38.1,18.25,100.0
481,910981_3,4,0,Leonard Fournette,RB,RB,3.5,12.79,82.0
482,910981_3,4,0,Kyle Rudolph,TE,TE,5.7,7.08,83.0
483,910981_3,4,0,Jay Ajayi,RB,W/R/T,8.1,9.98,51.0
484,910981_3,4,0,Adrian Peterson,RB,BN,0.0,0.0,0.0
485,910981_3,4,0,Tarik Cohen,RB,BN,25.4,6.1,19.0
486,910981_3,4,0,Alshon Jeffery,WR,BN,18.5,7.54,9.0
487,910981_3,4,0,Calvin Ridley,WR,BN,17.5,7.51,52.0
488,910981_3,4,0,Wil Lutz,K,K,16.0,10.02,93.0
489,910981_3,4,0,Philadelphia,DEF,DEF,5.0,8.1,91.0
490,910981_5,4,0,Tom Brady,QB,QB,20.96,20.66,81.0
491,910981_5,4,0,DeAndre Hopkins,WR,WR,24.9,12.89,98.0
492,910981_5,4,0,Golden Tate,WR,WR,27.2,8.73,72.0
493,910981_5,4,0,Sterling Shepard,WR,WR,15.7,8.54,42.0
494,910981_5,4,0,Jordan Howard,RB,RB,2.5,13.82,95.0
495,910981_5,4,0,Lamar Miller,RB,RB,4.9,11.63,79.0
496,910981_5,4,0,Rob Gronkowski,TE,TE,4.4,10.56,99.0
497,910981_5,4,0,Emmanuel Sanders,WR,W/R/T,6.3,9.15,79.0
498,910981_5,4,0,Will Fuller V,WR,BN,10.9,9.46,71.0
499,910981_5,4,0,Matt Breida,RB,BN,7.1,8.18,38.0
500,910981_5,4,0,Julian Edelman,WR,BN,0.0,0.0,0.0
501,910981_5,4,0,Sony Michel,RB,BN,19.2,12.41,50.0
502,910981_5,4,0,Josh Lambo,K,K,13.0,9.16,16.0
503,910981_5,4,0,Dallas,DEF,DEF,3.0,6.62,19.0
504,910981_4,4,0,Kirk Cousins,QB,QB,33.68,18.26,59.0
505,910981_4,4,0,Julio Jones,WR,WR,19.3,11.76,99.0
506,910981_4,4,0,T.Y. Hilton,WR,WR,13.5,11.07,91.0
507,910981_4,4,0,Robert Woods,WR,WR,18.1,9.3,65.0
508,910981_4,4,0,Saquon Barkley,RB,RB,16.0,16.15,100.0
509,910981_4,4,0,LeSean McCoy,RB,RB,3.7,9.31,35.0
510,910981_4,4,0,Benjamin Watson,TE,TE,2.3,5.7,39.0
511,910981_4,4,0,Cooper Kupp,WR,W/R/T,30.2,8.05,44.0
512,910981_4,4,0,Alfred Morris,RB,BN,1.8,6.64,10.0
513,910981_4,4,0,Jordan Reed,TE,BN,0.0,0.0,0.0
514,910981_4,4,0,Pierre Garcon,WR,BN,5.2,6.44,9.0
515,910981_4,4,0,Aaron Jones,RB,BN,14.2,7.87,25.0
516,910981_4,4,0,Greg Olsen,TE,IR,0.0,0.0,0.0
517,910981_4,4,0,Stephen Gostkowski,K,K,8.0,11.22,98.0
518,910981_4,4,0,Baltimore,DEF,DEF,6.0,6.28,45.0
519,910981_11,4,0,Drew Brees,QB,QB,8.58,22.57,93.0
520,910981_11,4,0,Stefon Diggs,WR,WR,14.3,9.53,95.0
521,910981_11,4,0,Corey Davis,WR,WR,24.1,7.7,27.0
522,910981_11,4,0,Davante Adams,WR,WR,8.1,11.31,98.0
523,910981_11,4,0,Alex Collins,RB,RB,8.5,10.7,75.0
524,910981_11,4,0,Jamaal Williams,RB,RB,2.7,6.68,13.0
525,910981_11,4,0,Jared Cook,TE,TE,25.0,5.54,47.0
526,910981_11,4,0,Kenyan Drake,RB,W/R/T,1.6,10.37,72.0
527,910981_11,4,0,Trey Burton,TE,BN,14.6,6.47,78.0
528,910981_11,4,0,Kerryon Johnson,RB,BN,11.6,8.25,40.0
529,910981_11,4,0,Marcus Mariota,QB,BN,31.36,16.28,4.0
530,910981_11,4,0,Le'Veon Bell,RB,BN,0.0,0.0,8.0
531,910981_11,4,0,Chris Boswell,K,K,6.0,9.94,39.0
532,910981_11,4,0,Los Angeles,DEF,DEF,5.0,6.66,90.0
533,910981_9,4,0,Matt Ryan,QB,QB,31.26,19.77,66.0
534,910981_9,4,0,Mike Evans,WR,WR,5.9,11.23,98.0
535,910981_9,4,0,Amari Cooper,WR,WR,20.8,8.74,57.0
536,910981_9,4,0,Marvin Jones Jr.,WR,WR,5.6,8.23,48.0
537,910981_9,4,0,Ezekiel Elliott,RB,RB,32.0,16.86,100.0
538,910981_9,4,0,James Conner,RB,RB,6.4,15.12,94.0
539,910981_9,4,0,Eric Ebron,TE,TE,10.0,6.53,58.0
540,910981_9,4,0,Dion Lewis,RB,W/R/T,6.6,7.64,40.0
541,910981_9,4,0,Christian McCaffrey,RB,BN,0.0,0.0,0.0
542,910981_9,4,0,Bilal Powell,RB,BN,5.2,6.14,16.0
543,910981_9,4,0,Nelson Agholor,WR,BN,2.2,8.06,40.0
544,910981_9,4,0,Mike Williams,WR,BN,1.5,8.37,47.0
545,910981_9,4,0,Harrison Butker,K,K,9.0,10.58,88.0
546,910981_9,4,0,Pittsburgh,DEF,DEF,4.0,7.05,43.0
547,910981_10,4,0,Deshaun Watson,QB,QB,34.1,21.98,78.0
548,910981_10,4,0,Odell Beckham Jr.,WR,WR,7.0,16.91,100.0
549,910981_10,4,0,Larry Fitzgerald,WR,WR,2.8,8.62,44.0
550,910981_10,4,0,John Brown,WR,WR,19.9,7.98,43.0
551,910981_10,4,0,Marshawn Lynch,RB,RB,17.7,11.27,75.0
552,910981_10,4,0,Giovani Bernard,RB,RB,21.6,13.57,86.0
553,910981_10,4,0,Jimmy Graham,TE,TE,8.1,8.22,90.0
554,910981_10,4,0,Chris Carson,RB,W/R/T,0.0,0.0,33.0
555,910981_10,4,0,Michael Crabtree,WR,BN,2.9,7.8,39.0
556,910981_10,4,0,Dalvin Cook,RB,BN,2.0,9.67,50.0
557,910981_10,4,0,Matthew Stafford,QB,BN,20.78,18.47,49.0
558,910981_10,4,0,Justin Tucker,K,K,16.0,11.45,99.0
559,910981_10,4,0,Los Angeles,DEF,DEF,5.0,8.54,83.0
560,910981_1,5,0,Ben Roethlisberger,QB,QB,22.6,24.84,71.0
561,910981_1,5,0,A.J. Green,WR,WR,13.2,11.43,99.0
562,910981_1,5,0,Brandin Cooks,WR,WR,0.0,10.28,90.0
563,910981_1,5,0,Demaryius Thomas,WR,WR,18.5,8.07,52.0
564,910981_1,5,0,Todd Gurley II,RB,RB,29.3,20.0,100.0
565,910981_1,5,0,Carlos Hyde,RB,RB,7.7,9.06,65.0
566,910981_1,5,0,Austin Hooper,TE,TE,7.7,5.06,41.0
567,910981_1,5,0,Devonta Freeman,RB,W/R/T,4.1,12.37,73.0
568,910981_1,5,0,Royce Freeman,RB,BN,4.7,8.41,38.0
569,910981_1,5,0,Allen Robinson II,WR,BN,0.0,0.0,0.0
570,910981_1,5,0,Sammy Watkins,WR,BN,7.8,7.94,20.0
571,910981_1,5,0,O.J. Howard,TE,IR,0.0,0.0,0.0
572,910981_1,5,0,Robbie Gould,K,K,0.0,8.72,56.0
573,910981_1,5,0,Carolina,DEF,DEF,0.0,0.0,0.0
574,910981_8,5,0,Aaron Rodgers,QB,QB,30.68,21.1,75.0
575,910981_8,5,0,Josh Gordon,WR,WR,11.0,8.45,35.0
576,910981_8,5,0,Devin Funchess,WR,WR,5.3,8.27,37.0
577,910981_8,5,0,Tyler Boyd,WR,WR,4.4,8.03,59.0
578,910981_8,5,0,Kareem Hunt,RB,RB,15.4,12.9,98.0
579,910981_8,5,0,Melvin Gordon III,RB,RB,18.0,16.33,100.0
580,910981_8,5,0,Vance McDonald,TE,TE,0.6,5.98,56.0
581,910981_8,5,0,Chris Thompson,RB,W/R/T,6.2,8.98,60.0
582,910981_8,5,0,Randall Cobb,WR,BN,0.0,0.0,3.0
583,910981_8,5,0,Tevin Coleman,RB,BN,3.0,8.54,39.0
584,910981_8,5,0,DeSean Jackson,WR,BN,0.0,0.0,0.0
585,910981_8,5,0,Dak Prescott,QB,BN,13.72,16.8,6.0
586,910981_8,5,0,Randy Bullock,K,K,11.0,8.33,13.0
587,910981_8,5,0,New Orleans,DEF,DEF,8.0,6.28,18.0
588,910981_2,5,0,Cam Newton,QB,QB,18.38,21.04,75.0
589,910981_2,5,0,Keenan Allen,WR,WR,9.5,11.4,97.0
590,910981_2,5,0,Chris Hogan,WR,WR,3.4,6.19,25.0
591,910981_2,5,0,Kenny Stills,WR,WR,1.7,7.18,28.0
592,910981_2,5,0,David Johnson,RB,RB,19.1,13.9,99.0
593,910981_2,5,0,Isaiah Crowell,RB,RB,31.1,8.32,21.0
594,910981_2,5,0,Travis Kelce,TE,TE,12.0,9.55,99.0
595,910981_2,5,0,Mark Ingram,RB,W/R/T,19.3,9.51,50.0
596,910981_2,5,0,Marquise Goodwin,WR,BN,0.0,0.0,5.0
597,910981_2,5,0,Joe Mixon,RB,BN,17.5,11.66,69.0
598,910981_2,5,0,Jamison Crowder,WR,BN,5.5,7.6,25.0
599,910981_2,5,0,Andrew Luck,QB,BN,26.6,20.97,40.0
600,910981_2,5,0,Jake Elliott,K,K,7.0,10.3,76.0
601,910981_2,5,0,Jacksonville,DEF,DEF,5.0,6.07,78.0
602,910981_7,5,0,Philip Rivers,QB,QB,21.36,20.2,67.0
603,910981_7,5,0,Antonio Brown,WR,WR,24.1,16.39,100.0
604,910981_7,5,0,Michael Thomas,WR,WR,7.4,13.0,99.0
605,910981_7,5,0,Jarvis Landry,WR,WR,6.9,8.44,81.0
606,910981_7,5,0,Austin Ekeler,RB,RB,11.9,8.02,27.0
607,910981_7,5,0,T.J. Yeldon,RB,RB,18.2,11.63,79.0
608,910981_7,5,0,Zach Ertz,TE,TE,19.0,9.93,98.0
609,910981_7,5,0,Adam Thielen,WR,W/R/T,19.6,11.93,98.0
610,910981_7,5,0,Carson Wentz,QB,BN,21.04,19.54,41.0
611,910981_7,5,0,Patrick Mahomes,QB,BN,17.82,19.75,62.0
612,910981_7,5,0,Phillip Lindsay,RB,BN,8.1,7.96,44.0
613,910981_7,5,0,George Kittle,TE,BN,8.3,6.08,62.0
614,910981_7,5,0,Matt Bryant,K,K,6.0,10.54,95.0
615,910981_7,5,0,New England,DEF,DEF,7.0,8.7,57.0
616,910981_3,5,0,Russell Wilson,QB,QB,19.92,18.93,39.0
617,910981_3,5,0,Tyreek Hill,WR,WR,8.7,10.93,93.0
618,910981_3,5,0,JuJu Smith-Schuster,WR,WR,9.4,10.6,96.0
619,910981_3,5,0,Kenny Golladay,WR,WR,15.8,8.9,54.0
620,910981_3,5,0,Alvin Kamara,RB,RB,3.9,16.95,100.0
621,910981_3,5,0,Jay Ajayi,RB,RB,1.4,10.58,61.0
622,910981_3,5,0,Kyle Rudolph,TE,TE,4.1,6.63,76.0
623,910981_3,5,0,Calvin Ridley,WR,W/R/T,3.8,8.05,79.0
624,910981_3,5,0,Leonard Fournette,RB,BN,0.0,0.0,9.0
625,910981_3,5,0,Adrian Peterson,RB,BN,4.2,11.89,65.0
626,910981_3,5,0,Tarik Cohen,RB,BN,0.0,0.0,0.0
627,910981_3,5,0,Alshon Jeffery,WR,BN,3.9,9.23,67.0
628,910981_3,5,0,Wil Lutz,K,K,7.0,10.23,94.0
629,910981_3,5,0,Philadelphia,DEF,DEF,4.0,7.5,83.0
630,910981_5,5,0,Tom Brady,QB,QB,29.54,21.59,87.0
631,910981_5,5,0,DeAndre Hopkins,WR,WR,15.1,12.89,99.0
632,910981_5,5,0,Golden Tate,WR,WR,4.2,9.97,90.0
633,910981_5,5,0,Will Fuller V,WR,WR,1.5,8.6,49.0
634,910981_5,5,0,Lamar Miller,RB,RB,0.0,0.86,29.0
635,910981_5,5,0,Sony Michel,RB,RB,17.0,12.28,73.0
636,910981_5,5,0,Rob Gronkowski,TE,TE,7.5,8.78,95.0
637,910981_5,5,0,Emmanuel Sanders,WR,W/R/T,7.2,8.25,64.0
638,910981_5,5,0,Sterling Shepard,WR,BN,7.5,8.24,35.0
639,910981_5,5,0,Jordan Howard,RB,BN,0.0,0.0,0.0
640,910981_5,5,0,Matt Breida,RB,BN,12.1,8.63,48.0
641,910981_5,5,0,Julian Edelman,WR,BN,5.7,7.85,63.0
642,910981_5,5,0,Josh Lambo,K,K,2.0,8.96,26.0
643,910981_5,5,0,Tennessee,DEF,DEF,7.0,9.59,87.0
644,910981_4,5,0,Kirk Cousins,QB,QB,14.14,20.0,66.0
645,910981_4,5,0,Julio Jones,WR,WR,6.2,15.81,99.0
646,910981_4,5,0,Robert Woods,WR,WR,14.5,9.37,79.0
647,910981_4,5,0,Cooper Kupp,WR,WR,15.0,9.09,75.0
648,910981_4,5,0,Saquon Barkley,RB,RB,24.9,14.5,99.0
649,910981_4,5,0,Aaron Jones,RB,RB,5.9,10.03,58.0
650,910981_4,5,0,Jordan Reed,TE,TE,2.1,7.89,70.0
651,910981_4,5,0,James White,RB,W/R/T,13.7,8.68,72.0
652,910981_4,5,0,T.Y. Hilton,WR,BN,0.0,0.0,21.0
653,910981_4,5,0,LeSean McCoy,RB,BN,10.8,7.65,22.0
654,910981_4,5,0,Benjamin Watson,TE,BN,3.0,5.3,31.0
655,910981_4,5,0,Pierre Garcon,WR,BN,4.7,6.02,8.0
656,910981_4,5,0,Greg Olsen,TE,IR,0.0,0.0,6.0
657,910981_4,5,0,Stephen Gostkowski,K,K,9.0,11.49,98.0
658,910981_4,5,0,Baltimore,DEF,DEF,11.0,7.44,73.0
659,910981_11,5,0,Drew Brees,QB,QB,28.72,20.67,86.0
660,910981_11,5,0,Stefon Diggs,WR,WR,11.6,10.8,97.0
661,910981_11,5,0,Corey Davis,WR,WR,4.9,8.91,64.0
662,910981_11,5,0,Davante Adams,WR,WR,22.0,9.77,93.0
663,910981_11,5,0,Alex Collins,RB,RB,6.6,8.87,62.0
664,910981_11,5,0,Jamaal Williams,RB,RB,7.2,3.88,6.0
665,910981_11,5,0,Jared Cook,TE,TE,2.0,7.14,70.0
666,910981_11,5,0,Kenyan Drake,RB,W/R/T,17.5,7.42,33.0
667,910981_11,5,0,Trey Burton,TE,BN,0.0,0.0,0.0
668,910981_11,5,0,Kerryon Johnson,RB,BN,8.5,9.34,45.0
669,910981_11,5,0,Marcus Mariota,QB,BN,5.16,18.54,9.0
670,910981_11,5,0,Le'Veon Bell,RB,BN,0.0,0.0,7.0
671,910981_11,5,0,Chris Boswell,K,K,4.0,10.47,46.0
672,910981_11,5,0,Los Angeles,DEF,DEF,1.0,8.04,95.0
673,910981_9,5,0,Matt Ryan,QB,QB,14.4,21.94,74.0
674,910981_9,5,0,Amari Cooper,WR,WR,1.0,9.19,75.0
675,910981_9,5,0,Marvin Jones Jr.,WR,WR,6.8,8.75,41.0
676,910981_9,5,0,Mike Williams,WR,WR,4.8,7.9,31.0
677,910981_9,5,0,Ezekiel Elliott,RB,RB,8.4,15.87,100.0
678,910981_9,5,0,James Conner,RB,RB,32.5,14.27,94.0
679,910981_9,5,0,Eric Ebron,TE,TE,24.5,6.97,65.0
680,910981_9,5,0,Christian McCaffrey,RB,W/R/T,15.3,16.27,96.0
681,910981_9,5,0,Dion Lewis,RB,BN,2.8,8.46,42.0
682,910981_9,5,0,Mike Evans,WR,BN,0.0,0.0,0.0
683,910981_9,5,0,Bilal Powell,RB,BN,7.9,7.59,17.0
684,910981_9,5,0,Nelson Agholor,WR,BN,4.5,7.69,26.0
685,910981_9,5,0,Harrison Butker,K,K,13.0,10.16,87.0
686,910981_9,5,0,Pittsburgh,DEF,DEF,17.0,5.57,23.0
687,910981_10,5,0,Deshaun Watson,QB,QB,24.0,21.91,79.0
688,910981_10,5,0,Odell Beckham Jr.,WR,WR,25.38,12.07,98.0
689,910981_10,5,0,Larry Fitzgerald,WR,WR,3.5,7.9,36.0
690,910981_10,5,0,John Brown,WR,WR,5.8,7.89,54.0
691,910981_10,5,0,Marshawn Lynch,RB,RB,4.1,12.02,80.0
692,910981_10,5,0,Dalvin Cook,RB,RB,0.0,0.0,18.0
693,910981_10,5,0,Jimmy Graham,TE,TE,7.6,8.32,89.0
694,910981_10,5,0,Chris Carson,RB,W/R/T,14.7,8.7,18.0
695,910981_10,5,0,Giovani Bernard,RB,BN,0.0,0.0,4.0
696,910981_10,5,0,Michael Crabtree,WR,BN,6.6,7.52,28.0
697,910981_10,5,0,Matthew Stafford,QB,BN,15.22,19.98,48.0
698,910981_10,5,0,Justin Tucker,K,K,10.0,10.65,99.0
699,910981_10,5,0,Los Angeles,DEF,DEF,11.0,6.86,55.0
700,910981_1,6,0,Ben Roethlisberger,QB,QB,22.56,19.77,61.0
701,910981_1,6,0,A.J. Green,WR,WR,8.5,12.08,99.0
702,910981_1,6,0,Brandin Cooks,WR,WR,5.3,10.05,80.0
703,910981_1,6,0,Demaryius Thomas,WR,WR,11.7,8.36,64.0
704,910981_1,6,0,Todd Gurley II,RB,RB,36.5,19.72,100.0
705,910981_1,6,0,Carlos Hyde,RB,RB,3.4,11.26,73.0
706,910981_1,6,0,Austin Hooper,TE,TE,13.1,6.47,48.0
707,910981_1,6,0,Sammy Watkins,WR,W/R/T,1.7,8.15,53.0
708,910981_1,6,0,Devonta Freeman,RB,BN,0.0,0.0,15.0
709,910981_1,6,0,Royce Freeman,RB,BN,2.2,6.13,25.0
710,910981_1,6,0,Allen Robinson II,WR,BN,12.4,8.62,47.0
711,910981_1,6,0,O.J. Howard,TE,IR,12.2,6.69,10.0
712,910981_1,6,0,Robbie Gould,K,K,15.0,7.8,40.0
713,910981_1,6,0,Chicago,DEF,DEF,5.0,8.38,83.0
714,910981_8,6,0,Aaron Rodgers,QB,QB,30.4,20.71,87.0
715,910981_8,6,0,Josh Gordon,WR,WR,4.2,6.37,47.0
716,910981_8,6,0,Devin Funchess,WR,WR,13.4,7.89,30.0
717,910981_8,6,0,Tyler Boyd,WR,WR,18.2,8.06,65.0
718,910981_8,6,0,Kareem Hunt,RB,RB,26.5,14.53,99.0
719,910981_8,6,0,Melvin Gordon III,RB,RB,35.0,15.58,99.0
720,910981_8,6,0,Vance McDonald,TE,TE,6.8,5.48,25.0
721,910981_8,6,0,Tevin Coleman,RB,W/R/T,10.1,13.51,66.0
722,910981_8,6,0,Chris Thompson,RB,BN,0.0,0.0,12.0
723,910981_8,6,0,Randall Cobb,WR,BN,0.0,0.0,6.0
724,910981_8,6,0,DeSean Jackson,WR,BN,8.4,7.85,48.0
725,910981_8,6,0,Dak Prescott,QB,BN,29.52,14.57,5.0
726,910981_8,6,0,Randy Bullock,K,K,3.0,8.25,13.0
727,910981_8,6,0,Minnesota,DEF,DEF,12.0,8.7,91.0
728,910981_2,6,0,Cam Newton,QB,QB,24.3,21.6,74.0
729,910981_2,6,0,Keenan Allen,WR,WR,10.3,11.49,97.0
730,910981_2,6,0,Chris Hogan,WR,WR,7.8,7.18,19.0
731,910981_2,6,0,Tyler Lockett,WR,WR,8.0,8.05,61.0
732,910981_2,6,0,David Johnson,RB,RB,10.9,13.63,96.0
733,910981_2,6,0,Isaiah Crowell,RB,RB,5.2,9.8,56.0
734,910981_2,6,0,Travis Kelce,TE,TE,6.1,10.88,99.0
735,910981_2,6,0,Joe Mixon,RB,W/R/T,14.4,14.11,91.0
736,910981_2,6,0,Kenny Stills,WR,BN,5.5,6.35,16.0
737,910981_2,6,0,Mark Ingram,RB,BN,0.0,0.0,0.0
738,910981_2,6,0,Jamison Crowder,WR,BN,0.0,0.4,9.0
739,910981_2,6,0,Andrew Luck,QB,BN,25.74,20.4,44.0
740,910981_2,6,0,Jake Elliott,K,K,10.0,8.89,79.0
741,910981_2,6,0,Jacksonville,DEF,DEF,-1.0,8.88,92.0
742,910981_7,6,0,Patrick Mahomes,QB,QB,30.98,24.56,87.0
743,910981_7,6,0,Antonio Brown,WR,WR,18.5,15.62,100.0
744,910981_7,6,0,Jarvis Landry,WR,WR,1.1,9.61,88.0
745,910981_7,6,0,Adam Thielen,WR,WR,20.3,15.08,98.0
746,910981_7,6,0,T.J. Yeldon,RB,RB,7.0,12.15,87.0
747,910981_7,6,0,Phillip Lindsay,RB,RB,6.6,9.1,56.0
748,910981_7,6,0,Zach Ertz,TE,TE,10.3,10.54,99.0
749,910981_7,6,0,George Kittle,TE,W/R/T,3.0,6.87,63.0
750,910981_7,6,0,Austin Ekeler,RB,BN,6.0,7.74,33.0
751,910981_7,6,0,Philip Rivers,QB,BN,15.28,19.7,55.0
752,910981_7,6,0,Michael Thomas,WR,BN,0.0,0.0,0.0
753,910981_7,6,0,Carson Wentz,QB,BN,24.52,20.38,45.0
754,910981_7,6,0,Matt Bryant,K,K,13.0,10.78,95.0
755,910981_7,6,0,Houston,DEF,DEF,20.0,9.06,89.0
756,910981_3,6,0,Russell Wilson,QB,QB,21.88,19.59,55.0
757,910981_3,6,0,Tyreek Hill,WR,WR,34.2,12.91,98.0
758,910981_3,6,0,JuJu Smith-Schuster,WR,WR,15.1,11.3,96.0
759,910981_3,6,0,Alshon Jeffery,WR,WR,19.4,9.07,65.0
760,910981_3,6,0,Adrian Peterson,RB,RB,9.7,9.27,43.0
761,910981_3,6,0,Tarik Cohen,RB,RB,16.1,6.62,35.0
762,910981_3,6,0,Kyle Rudolph,TE,TE,3.7,6.18,74.0
763,910981_3,6,0,Calvin Ridley,WR,W/R/T,4.7,7.09,72.0
764,910981_3,6,0,Kenny Golladay,WR,BN,0.0,0.0,0.0
765,910981_3,6,0,Alvin Kamara,RB,BN,0.0,0.0,0.0
766,910981_3,6,0,Leonard Fournette,RB,BN,0.0,0.0,7.0
767,910981_3,6,0,Jay Ajayi,RB,IR,0.0,0.0,12.0
768,910981_3,6,0,Ka'imi Fairbairn,K,K,0.0,0.0,0.0
769,910981_3,6,0,Philadelphia,DEF,DEF,10.0,7.16,84.0
770,910981_5,6,0,Tom Brady,QB,QB,21.8,23.64,93.0
771,910981_5,6,0,DeAndre Hopkins,WR,WR,12.3,12.93,99.0
772,910981_5,6,0,Will Fuller V,WR,WR,3.3,8.71,53.0
773,910981_5,6,0,Julian Edelman,WR,WR,12.1,8.92,79.0
774,910981_5,6,0,Sony Michel,RB,RB,24.6,13.88,82.0
775,910981_5,6,0,Jordan Howard,RB,RB,4.9,11.79,78.0
776,910981_5,6,0,Rob Gronkowski,TE,TE,9.7,10.71,98.0
777,910981_5,6,0,Emmanuel Sanders,WR,W/R/T,19.5,9.15,70.0
778,910981_5,6,0,Lamar Miller,RB,BN,7.1,9.2,41.0
779,910981_5,6,0,Golden Tate,WR,BN,0.0,0.0,10.0
780,910981_5,6,0,Sterling Shepard,WR,BN,3.7,7.59,40.0
781,910981_5,6,0,Matt Breida,RB,BN,12.1,6.1,7.0
782,910981_5,6,0,Josh Lambo,K,K,1.0,8.68,29.0
783,910981_5,6,0,Tennessee,DEF,DEF,2.0,6.96,33.0
784,910981_4,6,0,Kirk Cousins,QB,QB,17.62,20.88,72.0
785,910981_4,6,0,Julio Jones,WR,WR,16.4,15.76,100.0
786,910981_4,6,0,Robert Woods,WR,WR,14.1,10.54,85.0
787,910981_4,6,0,Cooper Kupp,WR,WR,1.2,8.5,70.0
788,910981_4,6,0,Saquon Barkley,RB,RB,30.9,15.38,100.0
789,910981_4,6,0,Aaron Jones,RB,RB,4.1,7.94,48.0
790,910981_4,6,0,Jordan Reed,TE,TE,3.6,6.93,61.0
791,910981_4,6,0,James White,RB,W/R/T,9.2,10.72,87.0
792,910981_4,6,0,T.Y. Hilton,WR,BN,0.0,0.0,11.0
793,910981_4,6,0,LeSean McCoy,RB,BN,9.4,9.12,44.0
794,910981_4,6,0,Benjamin Watson,TE,BN,0.0,0.0,0.0
795,910981_4,6,0,Pierre Garcon,WR,BN,3.7,5.36,7.0
796,910981_4,6,0,Greg Olsen,TE,IR,4.8,6.62,27.0
797,910981_4,6,0,Stephen Gostkowski,K,K,22.0,10.93,99.0
798,910981_4,6,0,Baltimore,DEF,DEF,21.0,7.03,71.0
799,910981_11,6,0,Marcus Mariota,QB,QB,7.18,16.74,7.0
800,910981_11,6,0,Stefon Diggs,WR,WR,4.2,11.74,97.0
801,910981_11,6,0,Corey Davis,WR,WR,2.4,8.16,51.0
802,910981_11,6,0,Davante Adams,WR,WR,27.2,12.76,98.0
803,910981_11,6,0,Alex Collins,RB,RB,17.4,9.06,52.0
804,910981_11,6,0,Jamaal Williams,RB,RB,3.9,4.44,6.0
805,910981_11,6,0,Jared Cook,TE,TE,1.0,7.14,61.0
806,910981_11,6,0,Kenyan Drake,RB,W/R/T,5.8,7.27,39.0
807,910981_11,6,0,Drew Brees,QB,BN,0.0,0.0,0.0
808,910981_11,6,0,Trey Burton,TE,BN,8.3,6.82,57.0
809,910981_11,6,0,Kerryon Johnson,RB,BN,0.0,0.0,0.0
810,910981_11,6,0,Le'Veon Bell,RB,BN,0.0,0.0,7.0
811,910981_11,6,0,Chris Boswell,K,K,8.0,9.14,55.0
812,910981_11,6,0,Los Angeles,DEF,DEF,5.0,7.13,90.0
813,910981_9,6,0,Matt Ryan,QB,QB,29.5,20.87,72.0
814,910981_9,6,0,Amari Cooper,WR,WR,0.0,7.97,56.0
815,910981_9,6,0,Mike Williams,WR,WR,1.4,6.36,17.0
816,910981_9,6,0,Mike Evans,WR,WR,5.8,12.45,93.0
817,910981_9,6,0,Ezekiel Elliott,RB,RB,19.7,14.67,99.0
818,910981_9,6,0,James Conner,RB,RB,26.9,14.56,97.0
819,910981_9,6,0,Eric Ebron,TE,TE,13.0,7.98,76.0
820,910981_9,6,0,Christian McCaffrey,RB,W/R/T,6.6,15.75,98.0
821,910981_9,6,0,Marvin Jones Jr.,WR,BN,0.0,0.0,0.0
822,910981_9,6,0,Dion Lewis,RB,BN,1.4,7.55,32.0
823,910981_9,6,0,Bilal Powell,RB,BN,5.9,8.19,34.0
824,910981_9,6,0,Nelson Agholor,WR,BN,9.1,6.34,19.0
825,910981_9,6,0,Harrison Butker,K,K,18.0,10.58,93.0
826,910981_9,6,0,Green Bay,DEF,DEF,7.0,8.77,73.0
827,910981_10,6,0,Deshaun Watson,QB,QB,7.28,22.68,76.0
828,910981_10,6,0,Odell Beckham Jr.,WR,WR,4.4,13.52,99.0
829,910981_10,6,0,Larry Fitzgerald,WR,WR,3.9,6.38,29.0
830,910981_10,6,0,John Brown,WR,WR,2.8,8.08,51.0
831,910981_10,6,0,Marshawn Lynch,RB,RB,5.9,10.69,75.0
832,910981_10,6,0,Dalvin Cook,RB,RB,0.0,0.0,20.0
833,910981_10,6,0,Jimmy Graham,TE,TE,12.4,7.59,89.0
834,910981_10,6,0,Chris Carson,RB,W/R/T,5.9,10.67,65.0
835,910981_10,6,0,Giovani Bernard,RB,BN,0.0,0.0,1.0
836,910981_10,6,0,Michael Crabtree,WR,BN,15.3,7.82,29.0
837,910981_10,6,0,Matthew Stafford,QB,BN,0.0,0.0,0.0
838,910981_10,6,0,Justin Tucker,K,K,0.0,0.0,0.0
839,910981_10,6,0,Los Angeles,DEF,DEF,10.0,6.17,60.0
840,910981_1,7,0,Andy Dalton,QB,QB,8.92,20.15,55.0
841,910981_1,7,0,A.J. Green,WR,WR,13.7,12.82,99.0
842,910981_1,7,0,Brandin Cooks,WR,WR,13.1,10.19,90.0
843,910981_1,7,0,Demaryius Thomas,WR,WR,4.2,7.38,63.0
844,910981_1,7,0,Todd Gurley II,RB,RB,26.6,20.51,100.0
845,910981_1,7,0,Carlos Hyde,RB,RB,0.0,0.0,20.0
846,910981_1,7,0,Austin Hooper,TE,TE,4.8,6.66,64.0
847,910981_1,7,0,Royce Freeman,RB,W/R/T,9.7,7.97,32.0
848,910981_1,7,0,Sammy Watkins,WR,BN,7.4,7.57,47.0
849,910981_1,7,0,Ben Roethlisberger,QB,BN,0.0,0.0,0.0
850,910981_1,7,0,Allen Robinson II,WR,BN,0.4,8.19,56.0
851,910981_1,7,0,O.J. Howard,TE,BN,6.7,6.66,51.0
852,910981_1,7,0,Devonta Freeman,RB,IR,0.0,0.0,8.0
853,910981_1,7,0,Robbie Gould,K,K,6.0,8.65,42.0
854,910981_1,7,0,Chicago,DEF,DEF,3.0,6.58,57.0
855,910981_8,7,0,Dak Prescott,QB,QB,20.22,17.41,13.0
856,910981_8,7,0,Josh Gordon,WR,WR,12.0,7.31,60.0
857,910981_8,7,0,Devin Funchess,WR,WR,12.2,7.69,51.0
858,910981_8,7,0,Tyler Boyd,WR,WR,2.7,8.31,83.0
859,910981_8,7,0,Kareem Hunt,RB,RB,32.1,15.23,99.0
860,910981_8,7,0,Melvin Gordon III,RB,RB,0.0,0.0,61.0
861,910981_8,7,0,Evan Engram,TE,TE,2.6,7.09,56.0
862,910981_8,7,0,Tevin Coleman,RB,W/R/T,14.2,11.96,78.0
863,910981_8,7,0,Aaron Rodgers,QB,BN,0.0,0.0,0.0
864,910981_8,7,0,Chris Thompson,RB,BN,0.0,0.0,10.0
865,910981_8,7,0,DeSean Jackson,WR,BN,9.3,8.11,55.0
866,910981_8,7,0,Latavius Murray,RB,BN,20.3,11.08,52.0
867,910981_8,7,0,Randy Bullock,K,K,4.0,8.5,11.0
868,910981_8,7,0,Minnesota,DEF,DEF,12.0,7.41,92.0
869,910981_2,7,0,Cam Newton,QB,QB,25.66,20.57,72.0
870,910981_2,7,0,Keenan Allen,WR,WR,7.2,10.47,97.0
871,910981_2,7,0,Kenny Stills,WR,WR,6.5,6.65,17.0
872,910981_2,7,0,Marquise Goodwin,WR,WR,2.4,6.13,29.0
873,910981_2,7,0,David Johnson,RB,RB,7.0,13.91,98.0
874,910981_2,7,0,Mark Ingram,RB,RB,4.2,10.21,68.0
875,910981_2,7,0,Travis Kelce,TE,TE,9.5,9.46,100.0
876,910981_2,7,0,Joe Mixon,RB,W/R/T,5.1,13.78,95.0
877,910981_2,7,0,Tyler Lockett,WR,BN,0.0,0.0,0.0
878,910981_2,7,0,Isaiah Crowell,RB,BN,5.0,6.71,29.0
879,910981_2,7,0,Jamison Crowder,WR,BN,0.0,0.4,5.0
880,910981_2,7,0,Andrew Luck,QB,BN,22.74,19.98,55.0
881,910981_2,7,0,Jake Elliott,K,K,6.0,9.68,81.0
882,910981_2,7,0,Jacksonville,DEF,DEF,2.0,8.97,93.0
883,910981_7,7,0,Patrick Mahomes,QB,QB,35.82,24.4,92.0
884,910981_7,7,0,Jarvis Landry,WR,WR,15.7,9.86,89.0
885,910981_7,7,0,Adam Thielen,WR,WR,19.0,15.28,99.0
886,910981_7,7,0,Michael Thomas,WR,WR,12.9,11.97,94.0
887,910981_7,7,0,T.J. Yeldon,RB,RB,12.8,10.34,79.0
888,910981_7,7,0,Phillip Lindsay,RB,RB,15.6,8.04,63.0
889,910981_7,7,0,Zach Ertz,TE,TE,15.8,9.78,99.0
890,910981_7,7,0,Austin Ekeler,RB,W/R/T,6.8,11.72,44.0
891,910981_7,7,0,George Kittle,TE,BN,15.8,7.23,64.0
892,910981_7,7,0,Antonio Brown,WR,BN,0.0,0.0,0.0
893,910981_7,7,0,Philip Rivers,QB,BN,20.14,20.27,60.0
894,910981_7,7,0,Carson Wentz,QB,BN,18.7,19.89,58.0
895,910981_7,7,0,Jason Myers,K,K,7.0,7.97,22.0
896,910981_7,7,0,Houston,DEF,DEF,14.0,6.93,84.0
897,910981_3,7,0,Jared Goff,QB,QB,16.48,21.16,76.0
898,910981_3,7,0,Tyreek Hill,WR,WR,13.6,12.39,99.0
899,910981_3,7,0,Alshon Jeffery,WR,WR,14.8,9.11,83.0
900,910981_3,7,0,Kenny Golladay,WR,WR,3.7,8.45,66.0
901,910981_3,7,0,Adrian Peterson,RB,RB,10.7,10.27,61.0
902,910981_3,7,0,Tarik Cohen,RB,RB,14.3,9.35,70.0
903,910981_3,7,0,Kyle Rudolph,TE,TE,1.6,6.9,74.0
904,910981_3,7,0,Alvin Kamara,RB,W/R/T,13.5,14.29,96.0
905,910981_3,7,0,Calvin Ridley,WR,BN,4.3,3.39,25.0
906,910981_3,7,0,JuJu Smith-Schuster,WR,BN,0.0,0.0,0.0
907,910981_3,7,0,Russell Wilson,QB,BN,0.0,0.0,0.0
908,910981_3,7,0,Leonard Fournette,RB,BN,0.0,0.0,7.0
909,910981_3,7,0,Jay Ajayi,RB,IR,0.0,0.0,8.0
910,910981_3,7,0,Ka'imi Fairbairn,K,K,10.0,8.35,46.0
911,910981_3,7,0,Philadelphia,DEF,DEF,2.0,8.04,85.0
912,910981_5,7,0,Tom Brady,QB,QB,22.68,19.64,81.0
913,910981_5,7,0,DeAndre Hopkins,WR,WR,11.0,11.47,98.0
914,910981_5,7,0,Julian Edelman,WR,WR,9.6,7.69,75.0
915,910981_5,7,0,Golden Tate,WR,WR,6.6,9.01,80.0
916,910981_5,7,0,Sony Michel,RB,RB,1.5,12.34,84.0
917,910981_5,7,0,Jordan Howard,RB,RB,10.8,10.54,64.0
918,910981_5,7,0,Nick O'Leary,TE,TE,2.3,4.3,9.0
919,910981_5,7,0,Emmanuel Sanders,WR,W/R/T,23.32,8.38,75.0
920,910981_5,7,0,Rob Gronkowski,TE,BN,0.0,0.0,30.0
921,910981_5,7,0,Will Fuller V,WR,BN,6.8,6.76,28.0
922,910981_5,7,0,Lamar Miller,RB,BN,17.9,7.46,36.0
923,910981_5,7,0,Matt Breida,RB,BN,-0.5,9.95,51.0
924,910981_5,7,0,Josh Lambo,K,K,1.0,8.51,24.0
925,910981_5,7,0,Tennessee,DEF,DEF,3.0,5.42,11.0
926,910981_4,7,0,Kirk Cousins,QB,QB,17.54,19.95,72.0
927,910981_4,7,0,Julio Jones,WR,WR,10.4,14.87,100.0
928,910981_4,7,0,Robert Woods,WR,WR,8.4,10.69,91.0
929,910981_4,7,0,Pierre Garcon,WR,WR,0.5,5.65,7.0
930,910981_4,7,0,Saquon Barkley,RB,RB,17.4,17.48,100.0
931,910981_4,7,0,LeSean McCoy,RB,RB,0.1,10.55,63.0
932,910981_4,7,0,Jordan Reed,TE,TE,4.3,6.76,59.0
933,910981_4,7,0,James White,RB,W/R/T,21.7,10.06,85.0
934,910981_4,7,0,Cooper Kupp,WR,BN,0.0,0.0,5.0
935,910981_4,7,0,Aaron Jones,RB,BN,0.0,0.0,0.0
936,910981_4,7,0,T.Y. Hilton,WR,BN,14.5,8.48,57.0
937,910981_4,7,0,Benjamin Watson,TE,BN,10.3,4.72,18.0
938,910981_4,7,0,Greg Olsen,TE,IR,6.5,7.26,57.0
939,910981_4,7,0,Stephen Gostkowski,K,K,8.0,10.68,98.0
940,910981_4,7,0,Baltimore,DEF,DEF,3.0,6.36,58.0
941,910981_11,7,0,Drew Brees,QB,QB,16.78,19.7,63.0
942,910981_11,7,0,Stefon Diggs,WR,WR,2.6,10.34,97.0
943,910981_11,7,0,Corey Davis,WR,WR,1.0,7.67,46.0
944,910981_11,7,0,Davante Adams,WR,WR,0.0,0.0,0.0
945,910981_11,7,0,Alex Collins,RB,RB,4.8,9.84,65.0
946,910981_11,7,0,Kerryon Johnson,RB,RB,19.9,10.13,52.0
947,910981_11,7,0,Trey Burton,TE,TE,20.6,6.84,70.0
948,910981_11,7,0,Kenyan Drake,RB,W/R/T,14.7,7.89,52.0
949,910981_11,7,0,Jared Cook,TE,BN,0.0,0.0,0.0
950,910981_11,7,0,Jamaal Williams,RB,BN,0.0,0.0,0.0
951,910981_11,7,0,Marcus Mariota,QB,BN,16.28,16.98,7.0
952,910981_11,7,0,Le'Veon Bell,RB,BN,0.0,0.0,0.0
953,910981_11,7,0,Chris Boswell,K,K,0.0,0.0,0.0
954,910981_11,7,0,Los Angeles,DEF,DEF,23.0,8.2,97.0
955,910981_9,7,0,Matt Ryan,QB,QB,21.26,21.5,83.0
956,910981_9,7,0,Mike Williams,WR,WR,11.8,6.82,16.0
957,910981_9,7,0,Mike Evans,WR,WR,12.7,11.51,96.0
958,910981_9,7,0,Marvin Jones Jr.,WR,WR,2.9,7.86,39.0
959,910981_9,7,0,Ezekiel Elliott,RB,RB,4.2,15.72,100.0
960,910981_9,7,0,Christian McCaffrey,RB,RB,8.0,14.68,98.0
961,910981_9,7,0,Eric Ebron,TE,TE,3.1,7.94,87.0
962,910981_9,7,0,Dion Lewis,RB,W/R/T,15.5,6.94,27.0
963,910981_9,7,0,James Conner,RB,BN,0.0,0.0,0.0
964,910981_9,7,0,Amari Cooper,WR,BN,0.0,0.0,9.0
965,910981_9,7,0,Bilal Powell,RB,BN,2.5,8.64,23.0
966,910981_9,7,0,Nelson Agholor,WR,BN,2.0,6.69,27.0
967,910981_9,7,0,Harrison Butker,K,K,9.0,11.09,94.0
968,910981_9,7,0,Indianapolis,DEF,DEF,19.0,8.41,69.0
969,910981_10,7,0,Deshaun Watson,QB,QB,10.86,19.7,46.0
970,910981_10,7,0,Odell Beckham Jr.,WR,WR,22.2,11.91,99.0
971,910981_10,7,0,Larry Fitzgerald,WR,WR,10.0,4.89,26.0
972,910981_10,7,0,John Brown,WR,WR,21.4,7.29,55.0
973,910981_10,7,0,Dalvin Cook,RB,RB,0.0,0.0,12.0
974,910981_10,7,0,Giovani Bernard,RB,RB,0.0,0.0,1.0
975,910981_10,7,0,David Njoku,TE,TE,11.2,7.16,71.0
976,910981_10,7,0,Michael Crabtree,WR,W/R/T,6.6,7.74,62.0
977,910981_10,7,0,Jimmy Graham,TE,BN,0.0,0.0,0.0
978,910981_10,7,0,Chris Carson,RB,BN,0.0,0.0,0.0
979,910981_10,7,0,Marshawn Lynch,RB,BN,0.0,0.0,0.0
980,910981_10,7,0,Justin Tucker,K,K,4.0,11.79,98.0
981,910981_10,7,0,Los Angeles,DEF,DEF,5.0,8.6,87.0
982,910981_1,8,0,Ben Roethlisberger,QB,QB,17.88,19.9,58.0
983,910981_1,8,0,A.J. Green,WR,WR,13.6,13.66,99.0
984,910981_1,8,0,Brandin Cooks,WR,WR,8.3,11.39,92.0
985,910981_1,8,0,Demaryius Thomas,WR,WR,3.0,8.25,66.0
986,910981_1,8,0,Todd Gurley II,RB,RB,29.5,22.31,100.0
987,910981_1,8,0,Doug Martin,RB,RB,6.9,8.2,26.0
988,910981_1,8,0,O.J. Howard,TE,TE,12.8,6.16,48.0
989,910981_1,8,0,Sammy Watkins,WR,W/R/T,24.7,8.26,47.0
990,910981_1,8,0,Carlos Hyde,RB,BN,1.1,5.38,22.0
991,910981_1,8,0,Allen Robinson II,WR,BN,0.0,0.0,22.0
992,910981_1,8,0,Andy Dalton,QB,BN,20.2,20.35,43.0
993,910981_1,8,0,Austin Hooper,TE,BN,0.0,0.0,0.0
994,910981_1,8,0,Royce Freeman,RB,IR,0.0,0.0,11.0
995,910981_1,8,0,Robbie Gould,K,K,7.0,8.21,40.0
996,910981_1,8,0,Chicago,DEF,DEF,5.0,8.68,84.0
997,910981_8,8,0,Aaron Rodgers,QB,QB,15.94,22.4,80.0
998,910981_8,8,0,Josh Gordon,WR,WR,4.2,8.03,67.0
999,910981_8,8,0,Devin Funchess,WR,WR,2.7,8.23,46.0
1000,910981_8,8,0,Tyler Boyd,WR,WR,21.6,8.61,75.0
1001,910981_8,8,0,Kareem Hunt,RB,RB,14.6,15.8,100.0
1002,910981_8,8,0,Latavius Murray,RB,RB,15.5,10.95,64.0
1003,910981_8,8,0,Evan Engram,TE,TE,8.5,6.32,43.0
1004,910981_8,8,0,Nick Chubb,RB,W/R/T,7.5,9.73,57.0
1005,910981_8,8,0,Tevin Coleman,RB,BN,0.0,0.0,0.0
1006,910981_8,8,0,Melvin Gordon III,RB,BN,0.0,0.0,0.0
1007,910981_8,8,0,Dak Prescott,QB,BN,0.0,0.0,0.0
1008,910981_8,8,0,DeSean Jackson,WR,BN,13.2,7.29,42.0
1009,910981_8,8,0,Greg Zuerlein,K,K,8.0,12.71,93.0
1010,910981_8,8,0,Minnesota,DEF,DEF,2.0,5.98,63.0
1011,910981_2,8,0,Cam Newton,QB,QB,27.96,21.13,66.0
1012,910981_2,8,0,Keenan Allen,WR,WR,0.0,0.0,0.0
1013,910981_2,8,0,Kenny Stills,WR,WR,0.0,0.0,4.0
1014,910981_2,8,0,Marquise Goodwin,WR,WR,11.5,6.13,17.0
1015,910981_2,8,0,David Johnson,RB,RB,10.0,12.17,96.0
1016,910981_2,8,0,Mark Ingram,RB,RB,9.2,11.05,65.0
1017,910981_2,8,0,Travis Kelce,TE,TE,13.9,11.13,100.0
1018,910981_2,8,0,Joe Mixon,RB,W/R/T,27.8,14.47,95.0
1019,910981_2,8,0,Tyler Lockett,WR,BN,10.7,7.28,39.0
1020,910981_2,8,0,Isaiah Crowell,RB,BN,3.8,8.78,46.0
1021,910981_2,8,0,Jamison Crowder,WR,BN,0.0,0.4,4.0
1022,910981_2,8,0,Andrew Luck,QB,BN,23.36,21.69,68.0
1023,910981_2,8,0,Jake Elliott,K,K,6.0,9.04,72.0
1024,910981_2,8,0,Jacksonville,DEF,DEF,8.0,6.54,68.0
1025,910981_7,8,0,Patrick Mahomes,QB,QB,27.02,24.81,92.0
1026,910981_7,8,0,Jarvis Landry,WR,WR,3.9,9.82,90.0
1027,910981_7,8,0,Adam Thielen,WR,WR,17.8,17.32,99.0
1028,910981_7,8,0,Michael Thomas,WR,WR,8.1,15.41,97.0
1029,910981_7,8,0,T.J. Yeldon,RB,RB,9.0,6.78,43.0
1030,910981_7,8,0,Phillip Lindsay,RB,RB,17.2,10.74,82.0
1031,910981_7,8,0,George Kittle,TE,TE,5.7,8.32,77.0
1032,910981_7,8,0,Antonio Brown,WR,W/R/T,19.4,15.81,96.0
1033,910981_7,8,0,Zach Ertz,TE,BN,8.6,11.26,99.0
1034,910981_7,8,0,Austin Ekeler,RB,BN,0.0,0.0,0.0
1035,910981_7,8,0,Philip Rivers,QB,BN,0.0,0.0,0.0
1036,910981_7,8,0,Carson Wentz,QB,BN,23.64,19.13,41.0
1037,910981_7,8,0,Jason Myers,K,K,5.0,7.32,20.0
1038,910981_7,8,0,Houston,DEF,DEF,4.0,9.83,91.0
1039,910981_3,8,0,Jared Goff,QB,QB,26.5,21.13,66.0
1040,910981_3,8,0,Tyreek Hill,WR,WR,7.0,13.36,99.0
1041,910981_3,8,0,Alshon Jeffery,WR,WR,3.5,9.75,74.0
1042,910981_3,8,0,JuJu Smith-Schuster,WR,WR,3.3,11.11,92.0
1043,910981_3,8,0,Adrian Peterson,RB,RB,27.6,10.54,74.0
1044,910981_3,8,0,Tarik Cohen,RB,RB,17.0,10.53,82.0
1045,910981_3,8,0,Kyle Rudolph,TE,TE,3.9,6.69,64.0
1046,910981_3,8,0,Alvin Kamara,RB,W/R/T,19.6,15.42,98.0
1047,910981_3,8,0,Kenny Golladay,WR,BN,1.2,8.73,55.0
1048,910981_3,8,0,Calvin Ridley,WR,BN,0.0,0.0,0.0
1049,910981_3,8,0,Russell Wilson,QB,BN,23.42,18.99,46.0
1050,910981_3,8,0,Leonard Fournette,RB,BN,0.0,0.0,7.0
1051,910981_3,8,0,Jay Ajayi,RB,IR,0.0,0.0,7.0
1052,910981_3,8,0,Ka'imi Fairbairn,K,K,6.0,9.49,62.0
1053,910981_3,8,0,Philadelphia,DEF,DEF,7.0,9.01,89.0
1054,910981_5,8,0,Tom Brady,QB,QB,13.76,20.42,86.0
1055,910981_5,8,0,DeAndre Hopkins,WR,WR,20.2,13.52,99.0
1056,910981_5,8,0,Julian Edelman,WR,WR,13.7,9.0,75.0
1057,910981_5,8,0,Golden Tate,WR,WR,5.3,9.5,79.0
1058,910981_5,8,0,Jordan Howard,RB,RB,14.1,8.25,63.0
1059,910981_5,8,0,Lamar Miller,RB,RB,21.3,10.32,74.0
1060,910981_5,8,0,Rob Gronkowski,TE,TE,4.3,10.1,80.0
1061,910981_5,8,0,Emmanuel Sanders,WR,W/R/T,5.1,10.71,85.0
1062,910981_5,8,0,Sony Michel,RB,BN,0.0,0.0,7.0
1063,910981_5,8,0,Will Fuller V,WR,BN,20.4,8.34,51.0
1064,910981_5,8,0,Matt Breida,RB,BN,4.2,7.35,27.0
1065,910981_5,8,0,Doug Baldwin,WR,BN,2.6,9.18,64.0
1066,910981_5,8,0,Josh Lambo,K,K,16.0,8.56,16.0
1067,910981_5,8,0,New England,DEF,DEF,20.0,9.56,85.0
1068,910981_4,8,0,Kirk Cousins,QB,QB,23.66,22.82,81.0
1069,910981_4,8,0,Robert Woods,WR,WR,7.0,11.13,91.0
1070,910981_4,8,0,T.Y. Hilton,WR,WR,3.4,11.92,91.0
1071,910981_4,8,0,Sterling Shepard,WR,WR,3.4,8.26,51.0
1072,910981_4,8,0,Saquon Barkley,RB,RB,11.1,16.59,100.0
1073,910981_4,8,0,LeSean McCoy,RB,RB,9.5,8.35,32.0
1074,910981_4,8,0,Vance McDonald,TE,TE,4.7,5.39,21.0
1075,910981_4,8,0,James White,RB,W/R/T,15.4,12.43,94.0
1076,910981_4,8,0,Julio Jones,WR,BN,0.0,0.0,0.0
1077,910981_4,8,0,Cooper Kupp,WR,BN,0.0,0.0,4.0
1078,910981_4,8,0,Aaron Jones,RB,BN,14.6,8.48,27.0
1079,910981_4,8,0,Greg Olsen,TE,BN,11.6,6.18,45.0
1080,910981_4,8,0,Stephen Gostkowski,K,K,14.0,11.31,98.0
1081,910981_4,8,0,Baltimore,DEF,DEF,-4.0,6.87,66.0
1082,910981_11,8,0,Drew Brees,QB,QB,7.8,22.37,80.0
1083,910981_11,8,0,Stefon Diggs,WR,WR,19.9,11.86,97.0
1084,910981_11,8,0,Corey Davis,WR,WR,0.0,0.0,0.0
1085,910981_11,8,0,Davante Adams,WR,WR,15.3,12.66,94.0
1086,910981_11,8,0,Alex Collins,RB,RB,10.3,8.92,58.0
1087,910981_11,8,0,Kerryon Johnson,RB,RB,9.1,10.59,75.0
1088,910981_11,8,0,Trey Burton,TE,TE,1.8,7.31,77.0
1089,910981_11,8,0,Kenyan Drake,RB,W/R/T,21.5,7.52,57.0
1090,910981_11,8,0,Jared Cook,TE,BN,13.4,6.46,44.0
1091,910981_11,8,0,Jamaal Williams,RB,BN,6.9,3.69,4.0
1092,910981_11,8,0,Marcus Mariota,QB,BN,0.0,0.0,0.0
1093,910981_11,8,0,Le'Veon Bell,RB,BN,0.0,0.0,7.0
1094,910981_11,8,0,Chris Boswell,K,K,8.0,10.14,31.0
1095,910981_11,8,0,Los Angeles,DEF,DEF,7.0,6.38,84.0
1096,910981_9,8,0,Jameis Winston,QB,QB,12.84,20.74,48.0
1097,910981_9,8,0,Mike Evans,WR,WR,25.9,11.3,96.0
1098,910981_9,8,0,Marvin Jones Jr.,WR,WR,25.7,7.85,37.0
1099,910981_9,8,0,Nelson Agholor,WR,WR,6.3,5.23,16.0
1100,910981_9,8,0,Christian McCaffrey,RB,RB,17.6,13.27,95.0
1101,910981_9,8,0,James Conner,RB,RB,35.2,15.41,95.0
1102,910981_9,8,0,Eric Ebron,TE,TE,9.7,6.77,77.0
1103,910981_9,8,0,Marlon Mack,RB,W/R/T,28.9,10.19,73.0
1104,910981_9,8,0,Ezekiel Elliott,RB,BN,0.0,0.0,0.0
1105,910981_9,8,0,Amari Cooper,WR,BN,0.0,0.0,0.0
1106,910981_9,8,0,Mike Williams,WR,BN,0.0,0.0,0.0
1107,910981_9,8,0,Matt Ryan,QB,BN,0.0,0.0,0.0
1108,910981_9,8,0,Harrison Butker,K,K,5.0,11.65,95.0
1109,910981_9,8,0,Indianapolis,DEF,DEF,1.0,6.38,37.0
1110,910981_10,8,0,Deshaun Watson,QB,QB,30.96,21.18,55.0
1111,910981_10,8,0,Odell Beckham Jr.,WR,WR,15.6,13.59,99.0
1112,910981_10,8,0,Larry Fitzgerald,WR,WR,20.2,4.53,30.0
1113,910981_10,8,0,John Brown,WR,WR,2.8,8.11,59.0
1114,910981_10,8,0,Dalvin Cook,RB,RB,0.0,0.0,9.0
1115,910981_10,8,0,Chris Carson,RB,RB,20.4,9.43,59.0
1116,910981_10,8,0,David Njoku,TE,TE,0.0,7.12,70.0
1117,910981_10,8,0,Michael Crabtree,WR,W/R/T,3.1,7.79,49.0
1118,910981_10,8,0,Giovani Bernard,RB,BN,0.0,0.0,1.0
1119,910981_10,8,0,Jimmy Graham,TE,BN,2.1,7.23,69.0
1120,910981_10,8,0,Marshawn Lynch,RB,BN,0.0,0.0,4.0
1121,910981_10,8,0,Matt Prater,K,K,2.0,10.32,69.0
1122,910981_10,8,0,Los Angeles,DEF,DEF,0.0,0.0,0.0
